-- phpMyAdmin SQL Dump
-- version 3.5.3
-- http://www.phpmyadmin.net
--
-- Host: localhost
-- Generation Time: Jan 10, 2013 at 08:22 AM
-- Server version: 5.0.92-community
-- PHP Version: 5.2.6

SET SQL_MODE="NO_AUTO_VALUE_ON_ZERO";
SET time_zone = "+00:00";


/*!40101 SET @OLD_CHARACTER_SET_CLIENT=@@CHARACTER_SET_CLIENT */;
/*!40101 SET @OLD_CHARACTER_SET_RESULTS=@@CHARACTER_SET_RESULTS */;
/*!40101 SET @OLD_COLLATION_CONNECTION=@@COLLATION_CONNECTION */;
/*!40101 SET NAMES utf8 */;

CREATE DATABASE riseabove;
USE riseabove;
--
-- Database: `fasia_riseabove`
--

-- --------------------------------------------------------

--
-- Table structure for table `gallery_image`
--

CREATE TABLE IF NOT EXISTS `gallery_image` (
  `id_image` int(11) NOT NULL auto_increment,
  `name_image` varchar(50) NOT NULL,
  PRIMARY KEY  (`id_image`)
) ENGINE=InnoDB  DEFAULT CHARSET=latin1 AUTO_INCREMENT=6 ;

--
-- Dumping data for table `gallery_image`
--

INSERT INTO `gallery_image` (`id_image`, `name_image`) VALUES
(1, 'GA-1.png'),
(2, 'GA-2.png'),
(3, 'GA-3.png'),
(4, 'GA-4.png'),
(5, 'GA-5.png');

-- --------------------------------------------------------

--
-- Table structure for table `image_master`
--

CREATE TABLE IF NOT EXISTS `image_master` (
  `id_image_master` int(11) NOT NULL,
  `id_topic_master` int(11) NOT NULL,
  `description` varchar(200) default NULL,
  PRIMARY KEY  (`id_image_master`)
) ENGINE=InnoDB DEFAULT CHARSET=latin1;

--
-- Dumping data for table `image_master`
--

INSERT INTO `image_master` (`id_image_master`, `id_topic_master`, `description`) VALUES
(1001, 1, NULL),
(1002, 1, NULL),
(1003, 1, NULL),
(1004, 1, NULL),
(1005, 1, NULL),
(1006, 1, NULL),
(1007, 1, NULL),
(1008, 1, NULL),
(1009, 1, NULL),
(1010, 1, NULL),
(2001, 2, NULL),
(2002, 2, NULL),
(2003, 2, NULL),
(2004, 2, NULL),
(2005, 2, NULL),
(2006, 2, NULL),
(2007, 2, NULL),
(3001, 3, NULL),
(3002, 3, NULL),
(3003, 3, NULL),
(3004, 3, NULL),
(3005, 3, NULL),
(3006, 3, NULL),
(3007, 3, NULL),
(3008, 3, NULL),
(3009, 3, NULL),
(4001, 4, NULL),
(4002, 4, NULL),
(4003, 4, NULL),
(4004, 4, NULL),
(4005, 4, NULL),
(4006, 4, NULL),
(4011, 4, NULL),
(4012, 4, NULL),
(4013, 4, NULL),
(4014, 4, NULL),
(4015, 4, NULL),
(4016, 4, NULL),
(4017, 4, NULL),
(4018, 4, NULL),
(5001, 5, NULL),
(5002, 5, NULL),
(5003, 5, NULL),
(5004, 5, NULL),
(5005, 5, NULL),
(5006, 5, NULL),
(5007, 5, NULL),
(5008, 5, NULL),
(5009, 5, NULL),
(5010, 5, NULL),
(5011, 5, NULL),
(5012, 5, NULL),
(5013, 5, NULL),
(5014, 5, NULL),
(5015, 5, NULL),
(5016, 5, NULL),
(5017, 5, NULL),
(5018, 5, NULL),
(5019, 5, NULL),
(5020, 5, NULL),
(5021, 5, NULL),
(5022, 5, NULL),
(5023, 5, NULL),
(5024, 5, NULL),
(5025, 5, NULL),
(5026, 5, NULL),
(5027, 5, NULL),
(5028, 5, NULL),
(5029, 5, NULL),
(5030, 5, NULL),
(5031, 5, NULL),
(5032, 5, NULL),
(5033, 5, NULL),
(5034, 5, NULL),
(5035, 5, NULL),
(5036, 5, NULL),
(6001, 6, NULL),
(6002, 6, NULL),
(6003, 6, NULL),
(6004, 6, NULL),
(6005, 6, NULL),
(6006, 6, NULL),
(6007, 6, NULL);

-- --------------------------------------------------------

--
-- Table structure for table `order_contact`
--

CREATE TABLE IF NOT EXISTS `order_contact` (
  `idorder_contact` int(11) NOT NULL auto_increment,
  `phone` varchar(20) NOT NULL,
  `email` varchar(200) NOT NULL,
  `addtime` timestamp NULL default CURRENT_TIMESTAMP,
  PRIMARY KEY  (`idorder_contact`)
) ENGINE=InnoDB  DEFAULT CHARSET=latin1 AUTO_INCREMENT=1363 ;

--
-- Dumping data for table `order_contact`
--

INSERT INTO `order_contact` (`idorder_contact`, `phone`, `email`, `addtime`) VALUES
(1, '84932729108', 'redfox273@gmail.com', '0000-00-00 00:00:00'),
(2, '01689366663', 'vutrungan@facebook.com', '0000-00-00 00:00:00'),
(3, '84932729108', 'redfox273@gmail.com', '2012-11-28 14:22:34'),
(4, '0937116186', 'pikqilee@gmail.com', '2012-11-29 02:32:56'),
(5, '0937116186', 'pikqilee@gmail.com', '2012-11-29 02:33:02'),
(6, '0937116186', 'pikqilee@gmail.com', '2012-11-29 02:33:06'),
(7, '84932729108', 'dev@gloops.com', '2012-11-30 14:41:09'),
(8, '01249896829', 'xiah.noisy@gmail.com', '2012-12-01 13:32:19'),
(9, '0937116186', 'pikqilee@gmail.com', '2012-12-03 03:20:08'),
(10, '0937692487', 'dautaysua@gmail.com', '2012-12-03 15:23:54'),
(11, '84932729108', 'redfox273@gmail.com', '2012-12-03 15:26:51'),
(12, '0937116186', 'pikqilee@gmail.com', '2012-12-03 17:21:17'),
(13, '0937116186', 'pikqilee@gmail.com', '2012-12-04 01:48:28'),
(14, '0937116186', 'pikqilee@gmail.com', '2012-12-04 01:48:38'),
(15, '0937116186', 'pikqilee@gmail.com', '2012-12-04 01:48:38'),
(16, '0937116186', 'pikqilee@gmail.com', '2012-12-04 01:48:38'),
(17, '0937116186', 'pikqilee@gmail.com', '2012-12-04 01:48:38'),
(18, '0937116186', 'pikqilee@gmail.com', '2012-12-04 01:48:38'),
(19, '0937116186', 'pikqilee@gmail.com', '2012-12-04 01:48:38'),
(20, '0937116186', 'pikqilee@gmail.com', '2012-12-04 01:48:38'),
(21, '0937116186', 'pikqilee@gmail.com', '2012-12-04 01:48:38'),
(22, '0937116186', 'pikqilee@gmail.com', '2012-12-04 01:48:38'),
(23, '0937116186', 'pikqilee@gmail.com', '2012-12-04 01:48:40'),
(24, '0937116186', 'pikqilee@gmail.com', '2012-12-04 01:48:40'),
(25, '0937116186', 'pikqilee@gmail.com', '2012-12-04 01:48:41'),
(26, '0937116186', 'pikqilee@gmail.com', '2012-12-04 01:48:41'),
(27, '0937116186', 'pikqilee@gmail.com', '2012-12-04 01:48:41'),
(28, '0937116186', 'pikqilee@gmail.com', '2012-12-04 01:48:41'),
(29, '0937116186', 'pikqilee@gmail.com', '2012-12-04 01:48:42'),
(30, '0937116186', 'pikqilee@gmail.com', '2012-12-04 01:48:42'),
(31, '0937116186', 'pikqilee@gmail.com', '2012-12-04 01:48:43'),
(32, '0937116186', 'pikqilee@gmail.com', '2012-12-04 01:48:43'),
(33, '0937116186', 'pikqilee@gmail.com', '2012-12-04 01:48:43'),
(34, '0937116186', 'pikqilee@gmail.com', '2012-12-04 01:48:43'),
(35, '0937116186', 'pikqilee@gmail.com', '2012-12-04 01:49:00'),
(36, '0937116186', 'pikqilee@gmail.com', '2012-12-04 01:49:02'),
(37, '0937116186', 'pikqilee@gmail.com', '2012-12-04 01:49:02'),
(38, '0937116186', 'pikqilee@gmail.com', '2012-12-04 01:49:02'),
(39, '0937116186', 'pikqilee@gmail.com', '2012-12-04 01:49:02'),
(40, '0937116186', 'pikqilee@gmail.com', '2012-12-04 01:49:02'),
(41, '0937116186', 'pikqilee@gmail.com', '2012-12-04 01:49:03'),
(42, '0937116186', 'pikqilee@gmail.com', '2012-12-04 01:49:03'),
(43, '0937116186', 'pikqilee@gmail.com', '2012-12-04 01:49:03'),
(44, '0937116186', 'pikqilee@gmail.com', '2012-12-04 01:49:03'),
(45, '0937116186', 'pikqilee@gmail.com', '2012-12-04 01:49:03'),
(46, '0937116186', 'pikqilee@gmail.com', '2012-12-04 01:49:06'),
(47, '0937116186', 'pikqilee@gmail.com', '2012-12-04 01:49:06'),
(48, '0937116186', 'pikqilee@gmail.com', '2012-12-04 01:49:06'),
(49, '0937116186', 'pikqilee@gmail.com', '2012-12-04 01:49:06'),
(50, '0937116186', 'pikqilee@gmail.com', '2012-12-04 01:49:06'),
(51, '0937116186', 'pikqilee@gmail.com', '2012-12-04 01:49:07'),
(52, '0937116186', 'pikqilee@gmail.com', '2012-12-04 01:49:07'),
(53, '0937116186', 'pikqilee@gmail.com', '2012-12-04 01:49:07'),
(54, '0937116186', 'pikqilee@gmail.com', '2012-12-04 01:49:22'),
(55, '0937116186', 'pikqilee@gmail.com', '2012-12-04 01:49:24'),
(56, '0937116186', 'pikqilee@gmail.com', '2012-12-04 01:49:24'),
(57, '0937116186', 'pikqilee@gmail.com', '2012-12-04 01:49:24'),
(58, '0937116186', 'pikqilee@gmail.com', '2012-12-04 01:49:24'),
(59, '0937116186', 'pikqilee@gmail.com', '2012-12-04 01:49:25'),
(60, '0937116186', 'pikqilee@gmail.com', '2012-12-04 01:49:26'),
(61, '0902902077', 'sg.manhha@gmail.com', '2012-12-04 01:49:51'),
(62, '0398590345', 'ekfkd@gkgjk.com', '2012-12-04 04:28:13'),
(63, '0919055515', 'hoangven@gmail.com', '2012-12-06 09:05:29'),
(64, '01224415938', 'ntthuba@yahoo.com', '2012-12-06 09:16:15'),
(65, '0938422892', 'hanlinhkt@yahoo.com', '2012-12-06 09:17:53'),
(66, '01269266335', 'pqmanh.t@gmail.com', '2012-12-06 09:24:24'),
(67, '01234402194', 'doanhuuhuanbt@gmail.com', '2012-12-06 09:27:31'),
(68, '0937582338', 'vouyen4ever@gmail.com', '2012-12-06 09:29:35'),
(69, '0909060572', 'phatvinh72@yahoo.com.vn', '2012-12-06 09:29:47'),
(70, '0978674759', 'chonbinhyen198@yahoo.com.vn', '2012-12-06 09:33:28'),
(71, '0914973788', 'e_nhannghia@yahoo.com', '2012-12-06 09:33:50'),
(72, '0973895810', 'trandieuthu_tdt_91@yahoo.com', '2012-12-06 09:36:52'),
(73, '0912796281', 'phuongthudl@yahoo.com.vn', '2012-12-06 09:37:31'),
(74, '01658123078', 'oh.tuyeens@yahoo.com.vn', '2012-12-06 09:38:26'),
(75, '0907316305', 'dhanhheo@yahoo.com.vn', '2012-12-06 09:38:43'),
(76, '0905081212', 'tranghtit@gmail.com', '2012-12-06 09:40:19'),
(77, '0928053688', 'ngocthuy_260802000@yahoo.com', '2012-12-06 09:40:30'),
(78, '01668528325', 'huyen.dtb89@gmail.com', '2012-12-06 09:43:16'),
(79, '0986000519', 'tth2509@gmail.com', '2012-12-06 09:43:26'),
(80, '01227658899', 'duc.ta@triumph.com', '2012-12-06 09:44:45'),
(81, '01679411018', 'gaisanhdieu_timboytrenmang@yahoo.com', '2012-12-06 09:46:04'),
(82, '0938711742', 'lvphucmail@yahoo.com.vn', '2012-12-06 09:46:31'),
(83, '01683192087', 'cobe_ngaytho9131@yahoo.com', '2012-12-06 09:48:44'),
(84, '0976754713', 'maily_19892001@yahoo.com', '2012-12-06 09:50:37'),
(85, 'tranhien251@gmail.co', 'nhinhanh', '2012-12-06 09:53:08'),
(86, '01687435437', 'ngothichuc2003@yahoo.com', '2012-12-06 09:55:20'),
(87, '0973040527', 'thanhhang.phan255@gmail.com', '2012-12-06 09:55:30'),
(88, '0912821912', 'duyhung82@gmail.com', '2012-12-06 09:55:39'),
(89, '0933589554', 'trandiemhong1988@gmail.com', '2012-12-06 09:56:40'),
(90, '0907131267', 'tntankt@gmail.com', '2012-12-06 09:58:53'),
(91, '0983800230', 'lehoangsmile@gmail.com', '2012-12-06 10:02:53'),
(92, '0938586890', 'sunny_thuy2009@yahoo.com', '2012-12-06 10:11:51'),
(93, '01687587594', 'minhai48@gmail.com', '2012-12-06 10:12:05'),
(94, '0909569454', 'baby_love_kitty_1991@yahoo.com.vn', '2012-12-06 10:13:17'),
(95, '01285354030', 'saodoingoiqn_qn@yahoo.com', '2012-12-06 10:17:08'),
(96, '0974214717', 'ti_do2007@yahoo.com', '2012-12-06 10:22:59'),
(97, '01678456197', 'shinning_friend2007@yahoo.com.vn', '2012-12-06 10:25:49'),
(98, '0906811363', 'tran_dongau@yahoo.com', '2012-12-06 10:31:58'),
(99, '01655966086', 'happyhappy1002000@yahoo.com', '2012-12-06 10:48:19'),
(100, '01698255481', 'totrinh_4t@yahoo.com', '2012-12-06 10:48:38'),
(101, '0937959016', 'lythao91@yahoo.com', '2012-12-06 10:50:20'),
(102, '01685160823', 'hanhtaybiphanhthay_9x@yahoo.com', '2012-12-06 11:08:43'),
(103, '0977555386', 'truong_0977555386@yahoo.com', '2012-12-06 11:13:54'),
(104, '0977555386', 'truong_0977555386@yahoo.com', '2012-12-06 11:14:52'),
(105, '0943652288', 'trungtamxetulai@gmail.com', '2012-12-06 11:43:13'),
(106, '0936003020', 'jlo_sang@yahoo.com', '2012-12-06 11:59:06'),
(107, '0908934272', 'ntngochuan.09ctk@gmail.com', '2012-12-06 12:03:51'),
(108, '01692846145', 'takhanhhau@yahoo.com.vn', '2012-12-06 12:06:51'),
(109, '01692859982', 'copecodon_92@yahoo.com.vn', '2012-12-06 12:12:46'),
(110, '01685806405', 'nhaint84@gmail.com', '2012-12-06 12:32:48'),
(111, '0986675448', 'hatrang08071990@gmail.com', '2012-12-06 12:33:23'),
(112, 'bekewei onana', 'obekewei@yahoo.com', '2012-12-06 12:34:00'),
(113, '0164 958 1795', 'hoangnhumai8392@yahoo.com', '2012-12-06 12:45:11'),
(114, '01217121768', 'damcamlienbmt@gmail.com', '2012-12-06 12:48:51'),
(115, '0986783150', 'vina_ruoi@yahoo.com', '2012-12-06 13:14:29'),
(116, '01659343000', 'thuan1304@gmail.com', '2012-12-06 13:15:16'),
(117, '0932174237', 'trantieuphung1992@gmail.com', '2012-12-06 13:23:59'),
(118, '01267817503', 'greenswan0601@gmail.com', '2012-12-06 13:33:26'),
(119, '0904177889', 'muabun.ngok@gmail.com', '2012-12-06 13:41:13'),
(120, '0927066466', 'thao1520@gmail.com', '2012-12-06 13:41:15'),
(121, '01694044490', 'bonghongden88n@yahoo.com', '2012-12-06 13:57:21'),
(122, '0939736009', 'hoahongtinhyeu_819955@yahoo.com', '2012-12-06 13:58:06'),
(123, '0915962599', 'yuni_myolie@yahoo.com', '2012-12-06 14:02:15'),
(124, '01229111172', 'truongchinh567@zing.vn', '2012-12-06 14:04:38'),
(125, '0979602534', 'haiphan88@yahoo.com', '2012-12-06 14:04:57'),
(126, '0907372381', 'crystal_mphduong@yahoo.com', '2012-12-06 14:06:14'),
(127, '0975808030', 'vithaohuong@gmail.com', '2012-12-06 14:10:29'),
(128, '01286396642', 'thuyvanbx@yahoo.com.vn', '2012-12-06 14:11:57'),
(129, '01999033984', 'thuyvanbx@yahoo.com.vn', '2012-12-06 14:12:56'),
(130, '01649960936', 'gem8x@yahoo.com.vn', '2012-12-06 14:17:08'),
(131, '01657486396', 'pandagays2@gmail.com', '2012-12-06 14:17:23'),
(132, '01286396642', 'Thuyvanbx@yahoo.com', '2012-12-06 14:49:19'),
(133, '0937501540', 'CHIVINH_RHM03@YAHOO.COM', '2012-12-06 15:19:18'),
(134, '012345678', 'fadsfdgs@chinanetwork.com', '2012-12-06 15:23:26'),
(135, '01645752294', 'myphuong.cmevn@gmail.com', '2012-12-06 15:25:37'),
(136, '0982893347', 'hakutevyyb', '2012-12-06 15:39:45'),
(137, '01646384878', 'khang9193@gmail.com.vn', '2012-12-06 15:44:38'),
(138, '0912491154', 'mrphanmr@yahoo.com', '2012-12-06 15:44:48'),
(139, '0937335787', 'yukihana18@yahoo.com', '2012-12-06 15:58:42'),
(140, '0973002830', 'thaopham_xnk@yahoo.com', '2012-12-06 15:59:34'),
(141, '0936486028', 'phamhaivan2009@gmail.com', '2012-12-06 16:07:14'),
(142, '01683204085', 'lan07scb1@gmail.com', '2012-12-06 16:11:35'),
(143, '01203027867', 'l', '2012-12-06 16:12:06'),
(144, '01203027867', 'lan07scb1@gmail.com', '2012-12-06 16:12:21'),
(145, '0905301316', 'ms.anhthu29@gmail.com', '2012-12-06 16:15:26'),
(146, '01678077048', 'ngahungnhan@yahoo.com', '2012-12-06 17:26:14'),
(147, '01225518240', 'lonelystar_2505@yahoo.com.vn', '2012-12-06 17:42:10'),
(148, '0907630506', 'thezume@yahoo.com.vn', '2012-12-06 17:42:32'),
(149, '0907630506', 'thezume@yahoo.com.vn', '2012-12-06 17:43:04'),
(150, '0987690656', 'thanhsocola0812@gmail.com', '2012-12-06 17:59:10'),
(151, '0986814148', 'aloha0ahola@gmail.com', '2012-12-06 19:08:14'),
(152, 'o977100777', 'ducnh1969@yahoo.com.vn', '2012-12-06 19:26:11'),
(153, '0938291862', 'mr.duongtichvi@gmail.com', '2012-12-06 23:11:50'),
(154, '0973996700', 'huynhs2muoi@gmail.com', '2012-12-07 00:05:23'),
(155, '0907180392', 'tranvuongkimtrinh183@yahoo.com', '2012-12-07 00:11:07'),
(156, 'minhtamngp@yahoo.com', '0919766735', '2012-12-07 00:25:45'),
(157, 'hoaitrang_2110@yahoo', 'hoaitrang_2110@yahoo.com.vn', '2012-12-07 00:39:59'),
(158, '0934596887', 'hoaitrang_2110@yahoo.com.vn', '2012-12-07 00:40:17'),
(159, '0978068452', 'thuyngan1408@gmail.com', '2012-12-07 00:44:07'),
(160, 'dhang.k55@gmail.com', 'duonghang', '2012-12-07 00:56:38'),
(161, '0985903500', 'huynhnhu1988tv@yahoo.com', '2012-12-07 01:08:42'),
(162, '0987448526', 'kimhieu@gmail.com', '2012-12-07 01:09:47'),
(163, '01686109876', 'tinhyeu_dachet88@yahoo.com', '2012-12-07 01:14:20'),
(164, '0904865570', 'httngoc@yahoo.com', '2012-12-07 01:34:32'),
(165, '01267825765', 'ocbuu_vt2009@yahoo.com', '2012-12-07 01:36:42'),
(166, '01696154786', 'hoaianh0510@gmail.com', '2012-12-07 01:41:59'),
(167, '0989037960', 'flowerfour_carolandvic_961981@yahoo.com', '2012-12-07 01:50:15'),
(168, '01699261655', 'trquynhnhu_3011@yahoo.com', '2012-12-07 01:54:38'),
(169, '0936209689', 'a_q_a83@yahoo.com.vn', '2012-12-07 02:05:50'),
(170, '0908453467', 'coxanhbt2006@yahoo.com.vn', '2012-12-07 02:08:29'),
(171, '01229989800', 'trongtoicodon@yahoo.com.vn', '2012-12-07 02:10:34'),
(172, '01203252989', 'fishkuke@yahoo.com', '2012-12-07 02:32:29'),
(173, '0906511710', 'thanhthuykt1506@gmail.com', '2012-12-07 02:34:08'),
(174, '0903066693', 'kieuanhp@yahoo.com', '2012-12-07 02:37:37'),
(175, '0902017336', 'bao_chau_1986@yahoo.com', '2012-12-07 02:41:59'),
(176, '01634933646', 'thyatyna@yahoo.com.vn', '2012-12-07 02:42:10'),
(177, '01662929259', 'tina.hoangthuong@gmail.com', '2012-12-07 02:42:44'),
(178, '0973888638', 'trangkeo198@yahoo.com', '2012-12-07 02:42:54'),
(179, '01267896742', 'angel_12352003@yahoo.com', '2012-12-07 02:43:09'),
(180, '01694253532', 'venuslovely47@yahoo.com.vn', '2012-12-07 02:52:22'),
(181, 'minhanh_13_08@yahoo.', '0908547520', '2012-12-07 03:04:28'),
(182, '0989936910', 'ngoantranthi@admicro.vn', '2012-12-07 03:09:03'),
(183, '0975646164', 'nguyenthikimly30db@gmail.com', '2012-12-07 03:27:43'),
(184, '01656138122', 'pepa_nhinhanh_loveboybeautiful31@yahoo.com', '2012-12-07 03:29:08'),
(185, '0946656115', 'nhungdinhthuy@vccorp.vn', '2012-12-07 03:36:21'),
(186, '01289722770', 'thanhnguyen.139.vt@gmail.com', '2012-12-07 03:37:43'),
(187, '0934744460', 'thythy1691@yahoo.com', '2012-12-07 03:38:04'),
(188, '01643481281', 'hoanganngocquyen3@gmail.com', '2012-12-07 03:45:48'),
(189, '0937116186', 'pikqilee@gmail.com', '2012-12-07 03:53:13'),
(190, '0937116186', 'pikqilee@gmail.com', '2012-12-07 03:53:41'),
(191, '0975936328', 'danghuyenn.buh@gmail.com', '2012-12-07 03:59:33'),
(192, '01688997911', 'lebuontuonroi_mainhonguoi_132@yahoo.com', '2012-12-07 04:01:15'),
(193, '0985903500', 'huynhnhu1988tv@yahoo.com', '2012-12-07 04:08:01'),
(194, '0985903500', 'huynhnhu1988tv@yahoo.com', '2012-12-07 04:08:04'),
(195, '0939334113', 'hngocanh6@gmail.com', '2012-12-07 04:08:23'),
(196, '01222063636', 'nthnhutv@gmail.com', '2012-12-07 04:08:45'),
(197, '0987448526', 'kimhieu@gmail.com', '2012-12-07 04:09:05'),
(198, '0966026641', 'tumtocbenho_hoino_maycoyeutaoko@yahoo.com', '2012-12-07 04:09:56'),
(199, '0976910520', 'luong.act1702@gmail.com', '2012-12-07 04:10:47'),
(200, '0979279748', 'honguyen2208@gmail.com', '2012-12-07 04:12:31'),
(201, '01657982678', 'kta.tulip@gmail.com', '2012-12-07 04:22:26'),
(202, '01869660553', 'ngoclan.yb91@gmail.com', '2012-12-07 04:23:44'),
(203, '01693825936', 'nhoc.chanh.9x@gmail.com', '2012-12-07 04:27:34'),
(204, '0906970690', 'shanenguyen08@yahoo.com.vn', '2012-12-07 04:45:44'),
(205, '0909666594', 'nguyenhailong82@yahoo.com', '2012-12-07 04:49:31'),
(206, '0938151686', 'thinhmagicboy@yahoo.com', '2012-12-07 04:49:45'),
(207, '0935881147', 'ductv.dl.vms3.@gmail.com', '2012-12-07 04:50:46'),
(208, '0909314743', 'phuongngoc.nguyen2010@gmail.com', '2012-12-07 04:51:40'),
(209, '01659343000', 'thuan1304@gmail.com', '2012-12-07 05:04:23'),
(210, '0983603158', 'ntvtkthuy@gmail.com', '2012-12-07 05:09:44'),
(211, '0905781898', 'betatran@gmail.com', '2012-12-07 05:10:59'),
(212, '01668997765', 'mttd_trangdai@yahoo.com.vn', '2012-12-07 05:16:56'),
(213, '0983592129', 'po.pro.3004@gmail.com', '2012-12-07 05:18:26'),
(214, '+84 937479660', 'nguyenhoangngoctu2910@gmail.com', '2012-12-07 05:30:55'),
(215, 'thituthuy-nguyen@vn.', 'tuhau123', '2012-12-07 05:31:45'),
(216, '01268387623', 'itsaiman114@gmail.com', '2012-12-07 05:42:59'),
(217, '0937787760', 'tranvanduong.vt@gmail.com', '2012-12-07 05:44:04'),
(218, '01685622433', 'truong_dinh_chieu@yahoo.com.vn', '2012-12-07 05:44:08'),
(219, '01699559078', 'thodoan85@gmail.com', '2012-12-07 05:54:56'),
(220, '0908451081', 'j13myhiep_nguyen@yahoo.com', '2012-12-07 06:04:01'),
(221, '0977742215', 'muabui_tl92@yahoo.com.vn', '2012-12-07 06:06:22'),
(222, '0978377243', 'quynhanh251188@gmail.com', '2012-12-07 06:23:52'),
(223, '0937617343', 'thanhhung_010191@yahoo.com', '2012-12-07 06:28:01'),
(224, '0987859498', 'letrang252@gmail.com', '2012-12-07 06:33:59'),
(225, '0383856768', 'biendem1_5@yahoo.com', '2012-12-07 06:42:24'),
(226, '0907676900', 'cecidang2306@gmail.com', '2012-12-07 06:52:43'),
(227, '01203825551', 'superstar_nhim_kaka@yahoo.com.vn', '2012-12-07 06:53:11'),
(228, '0975412311', 'lang_tu_da_tinh1411@yahoo.com', '2012-12-07 06:57:14'),
(229, '01219032349', 'yhocduphong.1016@gmail.com', '2012-12-07 07:12:33'),
(230, '09168484865', 'asdsd@gmail.com', '2012-12-07 07:17:18'),
(231, '01687031088', 'hieukiti@gmail.com', '2012-12-07 07:17:48'),
(232, '0943536313', 'babybig_8x@yahoo.com', '2012-12-07 07:17:51'),
(233, '0909853674', 'nsaidgihaij@gmail.com', '2012-12-07 07:28:23'),
(234, '0909358745', 'lapquoctoyota@gmail.com', '2012-12-07 07:35:18'),
(235, '01266016222', 'hoangthingocha_nb90@yahoo.com', '2012-12-07 07:37:53'),
(236, '0938525215', 'dangkhue1987@yahoo.com', '2012-12-07 07:41:57'),
(237, '0938525215', 'dangkhue1987@yahoo.com', '2012-12-07 07:42:13'),
(238, '0908649345', 'trucgianghohuynh@yahoo.com.vn', '2012-12-07 07:43:57'),
(239, '0983483498', 'bibi9x@gmail.com', '2012-12-07 07:47:04'),
(240, '0902572785', 'tnthienthanh@gmail.com', '2012-12-07 07:53:07'),
(241, '0906800049', 'kieuphiyen2501@gmail.com', '2012-12-07 07:59:52'),
(242, '01288771922', 'jutonhek', '2012-12-07 08:00:04'),
(243, '01697415520', 'tigontrang200887@gmail.com', '2012-12-07 08:10:40'),
(244, '0979493126', 'minhthuy.tnmt@gmail.com', '2012-12-07 08:11:49'),
(245, 'akilala2002@yahoo.co', '261194780', '2012-12-07 08:21:25'),
(246, '01659339650', 'banhbaolilac@yahoo.com', '2012-12-07 08:39:22'),
(247, '0983589823', 'hoadttn@gmail.com', '2012-12-07 08:45:02'),
(248, '0972311038', 'myth_xiaoxiao@yahoo.com', '2012-12-07 08:49:32'),
(249, '0948842318', 'nguyenthuyan20061986@gmail.com', '2012-12-07 08:54:05'),
(250, '0914707266', 'quynh_nga209@yahoo.com', '2012-12-07 09:00:11'),
(251, '01682162410', 'kimlien7237@gmail.com', '2012-12-07 09:23:17'),
(252, '01634443325', 'chonbinhyen198@gmail.com', '2012-12-07 09:24:07'),
(253, '0987765344', 'ledung.kt9x@gmail.com', '2012-12-07 09:24:20'),
(254, '01684115874', 'congchua_style2010@yahoo.com.vn', '2012-12-07 09:31:36'),
(255, '0932256756', 'mrcubong@gmail.com', '2012-12-07 10:09:51'),
(256, '0912743750', 'anhbaolc761981@gmail.com', '2012-12-07 10:11:52'),
(257, '01262436639', 'thuylinh25111992@gmail.com', '2012-12-07 10:49:48'),
(258, '01652733200', 'minhtuyen_ltmt@yahoo.com.vn', '2012-12-07 10:59:42'),
(259, '0975491497', 'nhock_bienhoa3@yahoo.com', '2012-12-07 11:07:37'),
(260, '01694922746', 'vutrongxh.xuanhoaquetoi@gmail.com', '2012-12-07 11:11:11'),
(261, '01698485290', 'loanb4dhv@gmail.com', '2012-12-07 11:13:00'),
(262, '01202788803', 'ruacon188@gmail.com', '2012-12-07 11:22:07'),
(263, '0985291555', 'tinhyeuvanoinho852@yahoo.com', '2012-12-07 11:28:07'),
(264, '01684776698', 'bongbongnuoc_51289@yahoo.com.vn', '2012-12-07 11:41:38'),
(265, '0983963644', 'vutuyet1603@gmail.com', '2012-12-07 11:50:03'),
(266, '01684981884', 'huynhlv92@gmail.com', '2012-12-07 11:58:27'),
(267, '098313529', 'haitam2403@gmail.com', '2012-12-07 12:31:29'),
(268, '0977278981', 'kieu@bebimami.vn', '2012-12-07 12:54:32'),
(269, '0985684435', 'maulanh_225@yahoo.com', '2012-12-07 13:04:31'),
(270, '0936009503', 'sieucancan2@yahoo.com', '2012-12-07 13:10:23'),
(271, '01227423221', 'gonoiquetoi_1511@yahoo.com.vn', '2012-12-07 13:29:18'),
(272, '01283186094', 'than_dudang@yahoo.com', '2012-12-07 13:43:18'),
(273, '0937084041', 'haptienphuc@yahoo.com', '2012-12-07 13:48:21'),
(274, '0944677324', 'zin_zin25hp@yahoomail.com', '2012-12-07 13:52:03'),
(275, '01675503409', 'zin_zin25hp@yahoomail.com', '2012-12-07 13:52:57'),
(276, '0935322383', 'vantri1408@yahoo.com', '2012-12-07 14:01:28'),
(277, '0919824889', 'nguyenkieunga86@yahoo.com', '2012-12-07 14:12:03'),
(278, '0972476853', 'boyanxin_girlanmay_ditimhanhphuc@yahoo.com', '2012-12-07 14:36:05'),
(279, '01663807581', 'bichxj@yahoo.com.vn', '2012-12-07 14:37:01'),
(280, '01663721090', 'bui.kim34@gmail.com', '2012-12-07 14:40:51'),
(281, 'jamcandy226@yahoo.co', '1321987', '2012-12-07 14:45:50'),
(282, 'jamcandy226@yahoo.co', '1321987', '2012-12-07 14:45:51'),
(283, '0972398684', 'phanbado_92@yahoo.com', '2012-12-07 15:07:22'),
(284, '0903603056', 'thequeen21081984@yahoo.com', '2012-12-07 15:09:57'),
(285, '01225476242', 'doremeomi@yahoo.com', '2012-12-07 15:30:34'),
(286, '01225476242', 'doremeomi@yahoo.com', '2012-12-07 15:30:34'),
(287, '01225476242', 'doremeomi@yahoo.com', '2012-12-07 15:30:34'),
(288, '01267770791', 'yipbaochow@yahoo.com', '2012-12-07 15:31:33'),
(289, '0121091108', 'angel_computer2000@yahoo.com', '2012-12-07 15:32:21'),
(290, '0936096592', 'nhi_nho_2000@yahoo.com', '2012-12-07 15:34:02'),
(291, '0907483947', 'ntk.tanustar2yahoo.com', '2012-12-07 15:34:22'),
(292, '01212091108', 'angel_computer2000@yahoo.com', '2012-12-07 15:34:29'),
(293, '0907483947', 'ntk.tanustar@yahoo.com', '2012-12-07 15:34:38'),
(294, '0984279787', 'duccom_zzxx@yahoo.com.vn', '2012-12-07 15:35:31'),
(295, '01639673357', 'anhduk.phung@facebook.com', '2012-12-07 15:36:39'),
(296, '0947227908', 'ngoctram_piano@yahoo.com', '2012-12-07 15:38:52'),
(297, '01656133242', 'shady.kull@yahoo.com', '2012-12-07 15:39:58'),
(298, '01662173540', 'huyentrang.neu51@gmail.com', '2012-12-07 15:41:28'),
(299, '01885533367', 'changngok2@yahoo.com', '2012-12-07 15:43:37'),
(300, 'doonghonguyen_thanch', '0949174949', '2012-12-07 15:44:17'),
(301, '0908781239', 'khanhpiano@gmail.com', '2012-12-07 15:45:27'),
(302, '01678865400', 'vankhanh09dtt@gmail.com', '2012-12-07 15:47:33'),
(303, '01694041074', 'kididonguyen@gmail.com', '2012-12-07 15:49:09'),
(304, '0938846660', 'phuong.hoanganh@gmail.com', '2012-12-07 15:49:31'),
(305, '0945044058', 'habacdesigner@gmail.com', '2012-12-07 15:50:07'),
(306, '01694041074', 'handsome_itmeqh@yahoo.com', '2012-12-07 15:51:36'),
(307, '01694041074', 'handsome_itmeqh@yahoo.com', '2012-12-07 15:51:36'),
(308, '0935055456', 'anhthangdht@yahoo.com', '2012-12-07 15:52:51'),
(309, '01698891828', 'Quanghue1332@yahoo.com', '2012-12-07 15:55:49'),
(310, '01225669623', 'boy_thanhlich_sanhdieu_depzai@yahoo.com', '2012-12-07 15:57:13'),
(311, '01666210513', 'bichngan22222@yahoo.com', '2012-12-07 15:59:12'),
(312, '01998702018', 'leluan1003@yahoo.com.vn', '2012-12-07 15:59:51'),
(313, '01679924252', 'ngoctruc_93@yahoo.com.vn', '2012-12-07 16:00:49'),
(314, '01656156130', 'thuytrang_911102@yahoo.com', '2012-12-07 16:03:25'),
(315, '01689815840', 'nhuquynh201189@yahoo.com', '2012-12-07 16:03:51'),
(316, '0975588559', 'chikienctv@gmail.com', '2012-12-07 16:11:40'),
(317, '0935935537', 'nhozoro@gmail.com', '2012-12-07 16:14:19'),
(318, '01656175344', 'tranthanhtoan1991py@gmail.com', '2012-12-07 16:15:23'),
(319, '0987982924', 'nguyenducmr@yahoo.com', '2012-12-07 16:17:03'),
(320, '0976002113', 'thuy4288@yahoo.com.vn', '2012-12-07 16:28:40'),
(321, '0987599249', 'ng0xyh92@yahoo.com', '2012-12-07 16:31:14'),
(322, '0902966545', 'hngoc_lam@yahoo.com', '2012-12-07 16:38:25'),
(323, '0902124126', 'noidayminhanh_hp87@yahoo.com.vn', '2012-12-07 16:39:17'),
(324, '0975431193', 'Choe_tn@yahoo.com.vn', '2012-12-07 16:48:38'),
(325, '096 696 2103', 'fisssamo@gmail.com', '2012-12-07 17:11:08'),
(326, '096 696 2103', 'fisssamo@gmail.com', '2012-12-07 17:11:12'),
(327, '01649622899', 'iamgiant28@gmail.com', '2012-12-07 17:17:43'),
(328, '0933545063', 'agushoang@gmail.com', '2012-12-07 17:20:38'),
(329, '01202439301', 'yenlink4793@gmail.com', '2012-12-07 17:22:42'),
(330, '01202439301', 'yenlink4793@gmail.com', '2012-12-07 17:24:18'),
(331, '01699991993', 'sakejin@yahoo.com', '2012-12-07 17:25:50'),
(332, '0914022550', 'totrinh_1206@yahoo.com', '2012-12-07 17:32:27'),
(333, '0905081135', 'baby_mup_dethuong91@yahoo.com', '2012-12-07 17:37:45'),
(334, '0975017580', 'nvdhau@gmail.com', '2012-12-07 17:38:13'),
(335, '0909788233', 'thkhanh_iu@yahoo.com', '2012-12-07 17:58:28'),
(336, '0909617728', 'hieujiniu@gmail.com', '2012-12-07 18:49:16'),
(337, '0906005953', 'biruto01@gmail.com', '2012-12-07 18:51:56'),
(338, '01225900853', 'sangth_dw@yahoo.com', '2012-12-07 19:16:42'),
(339, '01674522755', 'duonglq9x@gmail.com', '2012-12-07 19:32:01'),
(340, '0907415356', 'hinhhoc12@yahoo.com', '2012-12-07 19:53:06'),
(341, '01203851293', 'ptducanh0511@gmail.com', '2012-12-07 19:57:48'),
(342, '01287422748', 'bichphuong201192@gmail.com', '2012-12-08 00:11:49'),
(343, '01282927440', 'nhok_cute_tim_love1992@yahoo.com', '2012-12-08 01:13:54'),
(344, '0906372729', 'linhtrang2809@gmail.com', '2012-12-08 01:14:38'),
(345, '01646161803', 'h3yb4by_thj34gj4_9x@yahoo.com', '2012-12-08 01:17:39'),
(346, '01693741892', 'hoangyen_yelu@yahoo.com', '2012-12-08 01:22:27'),
(347, '0934156515', 'lethaonguyen1408@gmail.com', '2012-12-08 01:23:47'),
(348, '0905139319', 'thuhoai201183@yahoo.com', '2012-12-08 01:43:26'),
(349, '0989107987', 'hoangtuthoi_hoangtuthoi2000@yahoo.com', '2012-12-08 01:44:09'),
(350, '0905038457', 'traitimleloi2006tran@yahoo.com', '2012-12-08 01:49:00'),
(351, '0993096298', 'jakejake_vin@yahoo.com', '2012-12-08 01:54:26'),
(352, '0909029786', 'lequyen@ovi.com', '2012-12-08 01:57:03'),
(353, '0985026855', 'nguyenthanhsang.nts992@gmail.com', '2012-12-08 02:01:54'),
(354, 'buxencue@gmail.com', '01294470212', '2012-12-08 02:08:05'),
(355, '01679393255', 'lynklee_no1@yahoo.com', '2012-12-08 02:11:29'),
(356, '01642249287', 'hoaianh1106@gmail.com', '2012-12-08 02:35:43'),
(357, '0907789782', 'giang.truc@gmail.com', '2012-12-08 02:49:46'),
(358, '0914868614', 'npn1922@yahoo.com', '2012-12-08 03:16:53'),
(359, '0917182292', 'eddy862002@yahoo.com', '2012-12-08 03:17:02'),
(360, '0904801080', 'xuantocdovn81@yahoo.com', '2012-12-08 03:17:22'),
(361, 'webvnpec@yahoo.com', '01292345186', '2012-12-08 03:17:58'),
(362, '01262680881', 'Hankyung_Superjunior263@yahoo.com.vn', '2012-12-08 03:37:18'),
(363, '0979359596', 'hongoctung89@gmail.com', '2012-12-08 03:52:30'),
(364, '01693872860', 'duongnguyen1412@gmail.com', '2012-12-08 04:06:47'),
(365, '0904431183', 'hoaqa@yahoo.com', '2012-12-08 04:10:49'),
(366, '01876383788', 'fdsafads@gmail.com', '2012-12-08 04:18:59'),
(367, '01676767676', 'nguyenhoang1111111111@yahoo.com.vn', '2012-12-08 04:19:28'),
(368, '09875858245', 'ekfkd@gkgjk.com', '2012-12-08 04:28:42'),
(369, '0933982479', 'madangel2004@yahoo.com', '2012-12-08 04:42:29'),
(370, '0164999716', 'duomphan_2104@yahoo.com', '2012-12-08 04:47:22'),
(371, '0903380095', 'suigetsuat@yahoo.com', '2012-12-08 05:00:29'),
(372, '0934825538', 'syluongkkt@gmail.com', '2012-12-08 05:02:07'),
(373, 'lovelyfish102@yahoo.', '01222473406', '2012-12-08 05:05:35'),
(374, 'vipham102@gmail.com', '0934963284', '2012-12-08 05:06:20'),
(375, '0987231379', 'huyenglk35@gmail.com', '2012-12-08 05:28:26'),
(376, '01664766314', 'chiriku_katory@yahoo.com', '2012-12-08 05:37:05'),
(377, '0935142953', 'part_bom228@yahoo.com', '2012-12-08 06:05:14'),
(378, '0935142953', 'part_bom228@yahoo.com', '2012-12-08 06:08:49'),
(379, '01264113286', 'pe_yaourt2k7@yahoo.com', '2012-12-08 09:04:39'),
(380, '01207601984', 'duyhue_uoa@yahoo.com', '2012-12-08 09:43:43'),
(381, '01695130725', 'songtanvaogio@gmail.com', '2012-12-08 09:50:01'),
(382, '01684735961', 'uyenthai1991@gmail.com', '2012-12-08 10:18:55'),
(383, '0934045809', 'solkuwing@gmail.com', '2012-12-08 12:45:03'),
(384, '01248118026', 'cobehonnhien_123452002@yahoo.com', '2012-12-08 13:04:32'),
(385, '01688380303', 'tinhdauxotxa37@yahoo.com', '2012-12-08 13:10:50'),
(386, '0934214437', 'quachlananh_nd3000@yahoo.com.vn', '2012-12-08 13:31:25'),
(387, '0983825154', 'hoathuytinh_chunginhmaimai@yahoo.com', '2012-12-08 13:36:10'),
(388, '0995425103', 'anhchicominhem2304@yahoo.com.vn', '2012-12-08 13:53:41'),
(389, '01688133690', 'ngocbich_091993@yahoo.com', '2012-12-08 13:55:52'),
(390, '0985783020', 'thucknn@gmail.com', '2012-12-08 13:59:01'),
(391, '0985783020', 'thucknn@gmail.com', '2012-12-08 13:59:01'),
(392, '01677902812', 'lamnguyenthuynhung@gmail.com', '2012-12-08 14:09:01'),
(393, '0973053352', 'm0nso0n_f0rever_l0ve_y0u@yahoo.com.vn', '2012-12-08 14:28:11'),
(394, '093 217 3634', 'leminhoanh2107@gmail.com', '2012-12-08 14:31:01'),
(395, '0907470890', 'boorinchan_311@yahoo.com', '2012-12-08 14:55:48'),
(396, '0973906203', 'dao.cathaylife@gmail.com', '2012-12-08 14:56:53'),
(397, '01266008468', 'nguyenthihang.c3@gmail.com', '2012-12-08 15:23:52'),
(398, '01689976385', 'linhlinhepu92@gmail.com', '2012-12-08 15:43:53'),
(399, '0938344346', 'hochunghoi89@yahoo.com', '2012-12-08 16:02:30'),
(400, '0904581734', 'tranhuyenngoc18121991@gmail.com', '2012-12-08 16:03:56'),
(401, '01688806475', 'phuongkit.hp@gmail.com', '2012-12-08 16:21:18'),
(402, '01662832896', 'khanhism27@yahoo.com.vn', '2012-12-08 16:28:13'),
(403, '0973333727', 'thanhvy2709@gmail.com', '2012-12-08 16:41:58'),
(404, '01662832896', 'khanhism27@yahoo.com.vn', '2012-12-08 16:46:05'),
(405, '0933301990', 'khanh[huongbui@gmail.com', '2012-12-08 17:00:40'),
(406, '0933301990', 'khanhphuongbui@gmail.com', '2012-12-08 17:00:59'),
(407, '0912694421', 'a_thousand_wind@yahoo.com', '2012-12-08 17:18:28'),
(408, '0977415126', 'ngocducfly@yahoo.com.vn', '2012-12-08 17:22:25'),
(409, '01659803335', 'lethu.hlu@gmail.com', '2012-12-08 17:24:16'),
(410, '01225630830', 'pumpkin_njce@yahoo.com.vn', '2012-12-08 17:27:01'),
(411, '0905838631', 'tuanunstopable@gmail.com', '2012-12-08 17:33:03'),
(412, '01682400725', 'thanh_huyen_trinh@yahoo.com', '2012-12-08 17:43:34'),
(413, '0989970770', 'nhok_tdnb@yahoo.com.vn', '2012-12-08 17:44:53'),
(414, '01667375029', 'annalinhlan@gmail.com', '2012-12-08 17:53:10'),
(415, '01667375029', 'annalinhlan@gmail.com', '2012-12-08 17:53:10'),
(416, '01667375029', 'annalinhlan@gmail.com', '2012-12-08 17:53:10'),
(417, '01667375029', 'annalinhlan@gmail.com', '2012-12-08 17:53:10'),
(418, '01667375029', 'annalinhlan@gmail.com', '2012-12-08 17:53:10'),
(419, '01667375029', 'annalinhlan@gmail.com', '2012-12-08 17:53:10'),
(420, '01667375029', 'annalinhlan@gmail.com', '2012-12-08 17:53:11'),
(421, '01667375029', 'annalinhlan@gmail.com', '2012-12-08 17:53:11'),
(422, '01667375029', 'annalinhlan@gmail.com', '2012-12-08 17:53:11'),
(423, '01667375029', 'annalinhlan@gmail.com', '2012-12-08 17:53:14'),
(424, '0946548481', 'kieumy24@gmail.com', '2012-12-08 17:58:45'),
(425, '01688818693', 'heobuontenh@yahoo.com', '2012-12-08 18:03:24'),
(426, '0982830443', 'mary81ck@gmail.com', '2012-12-08 18:05:57'),
(427, '01697825949', 'rocketmailbabyan@yahoo.com.vn', '2012-12-08 18:42:31'),
(428, '01658795564', 'dorenino_pk@yahoo.com', '2012-12-08 20:02:11'),
(429, '01685734813', 'bui_huy5@yahoo.com', '2012-12-08 23:40:02'),
(430, '0933349569', 'phuc9988@gmail.com', '2012-12-08 23:48:35'),
(431, '01673923830', 'tieuvidha@gmail.com', '2012-12-08 23:58:11'),
(432, '01674673558', 'ngayngo_mylove@yahoo.com', '2012-12-09 00:41:11'),
(433, '0164402389', 'handsome_maiyeuem@yahoo.com.vn', '2012-12-09 00:58:57'),
(434, '01663571388', 'phuongthao@yahoo.com', '2012-12-09 01:00:19'),
(435, '0902363048', 'sweet_candy833@yahoo.com', '2012-12-09 01:42:51'),
(436, '0975945951', 'quangthai2803@gmail.com', '2012-12-09 02:15:35'),
(437, '01648951026', 'nhoclanhchanh9x@gmail.com', '2012-12-09 03:06:19'),
(438, '0989999402', 'hoangtu_codon6575@yahoo.com', '2012-12-09 03:15:06'),
(439, '0932068309', 'leyennhi274@yahoo.com', '2012-12-09 03:34:22'),
(440, '0993096298', 'jakejake_vin@yahoo.com', '2012-12-09 04:25:59'),
(441, '0988555511', 'duong_tu.an@yahoo.com.vn', '2012-12-09 04:26:44'),
(442, '01645329908', 'cat_tuong_3012@yahoo.com', '2012-12-09 04:27:37'),
(443, '0949894336', 'thaidt@gmail.com', '2012-12-09 04:27:49'),
(444, '01257723691', 'hangpeach2000@yahoo.com', '2012-12-09 04:28:02'),
(445, 'dtieubinh68@yahoo.co', '0988480240', '2012-12-09 04:28:03'),
(446, '01248132655', 'thuypinking@yahoo.com', '2012-12-09 04:28:21'),
(447, 'duongthiquynhngak36s', '0988457960', '2012-12-09 04:28:24'),
(448, '0987323347', 'daocongkiem@gmail.com', '2012-12-09 04:28:40'),
(449, 'phamthuylinh.k36cnto', '0975219339', '2012-12-09 04:29:06'),
(450, '0905465300', 'conang_huyenbi_9991@yahoo.com', '2012-12-09 04:29:26'),
(451, 'ljnk_ljnk99@yahoo.co', '0975262844', '2012-12-09 04:29:42'),
(452, '01234496222', 'binbon93@gmail.com', '2012-12-09 04:38:26'),
(453, '0944978281', 'hailua_choigame14104@yahoo.com', '2012-12-09 04:38:54'),
(454, '01654454718', 'rexviet@gmail.com', '2012-12-09 04:47:45'),
(455, '0916311622', 'phuongchinb@gmail.com', '2012-12-09 05:03:30'),
(456, '0918418466', 'nvminhthu@yahoo.com', '2012-12-09 05:04:49'),
(457, '01686554866', 'hongminh198@gmail.com', '2012-12-09 05:09:15'),
(458, '01887646920', 'trung.nt1999@gmail.com', '2012-12-09 05:16:33'),
(459, '84907368953', 'doantrunght@gmail.com', '2012-12-09 05:19:49'),
(460, 'ngohuonghy@gmail.com', '01688394181', '2012-12-09 05:31:36'),
(461, '0935440838', 'tiu_thien_than_17@yahoo.com', '2012-12-09 05:34:34'),
(462, '0904558876', 'baonguyenip4@gmail.com', '2012-12-09 05:36:52'),
(463, '01682801586', 'chi.doan2003@gmail.com', '2012-12-09 05:50:34'),
(464, '01634824854', 'thuy.doan1294@gmail.com', '2012-12-09 05:51:44'),
(465, '0983659802', 'maigiang212@gmail.com', '2012-12-09 06:01:19'),
(466, '0914281279', 'virgem812@yahoo.com', '2012-12-09 06:02:12'),
(467, '0943601498', 'xuyt.dunglamon@gmail.com', '2012-12-09 06:08:05'),
(468, '0943601498', 'xuyt.dunglamon@gmail.com', '2012-12-09 06:08:05'),
(469, '0943601498', 'xuyt.dunglamon@gmail.com', '2012-12-09 06:08:05'),
(470, '0943601498', 'xuyt.dunglamon@gmail.com', '2012-12-09 06:08:05'),
(471, '0912960690', 'manhtai86@gmail.com', '2012-12-09 06:16:19'),
(472, '01689522748', 'anhdao7792@yahoo.com', '2012-12-09 06:22:18'),
(473, '0938019886', 'phuocan86.qn@gmail.com', '2012-12-09 06:29:16'),
(474, '0938017555', 'sieuquaydangiu@yahoo.com', '2012-12-09 06:29:30'),
(475, '0946018018', 'sonan7886@gmail.com', '2012-12-09 06:30:06'),
(476, '0987465051', 'saulaithieu@yahoo.com', '2012-12-09 06:32:36'),
(477, '01208749141', 'phonglammayman@gmail.com', '2012-12-09 06:35:57'),
(478, '0906718185', 'thanhhaunguyen0212@yahoo.com', '2012-12-09 06:41:59'),
(479, '01992006569', 'baoanhnguyen0212@yahoo.com', '2012-12-09 06:42:37'),
(480, '0166962141', 'kykylysu@yahoo.com', '2012-12-09 06:45:53'),
(481, '01992484540', 'ngoisaonguyenthanh@yahoo.com', '2012-12-09 06:46:22'),
(482, '0989485167', 'Thuanphongdntn@gmail.com', '2012-12-09 06:57:30'),
(483, '0979891480', 'nguyenhoangtu.dhcn@gmail.com', '2012-12-09 06:59:09'),
(484, '01673672674', 'k_diep92@yahoo.com', '2012-12-09 07:03:42'),
(485, '0972735851', 'Nuhoang_aicap550@yahoo.com', '2012-12-09 07:04:29'),
(486, '01666636360', 'monkey.black92@yahoo.com', '2012-12-09 07:05:03'),
(487, '0906096069', 'ngoctramhuynh84@gmail.com', '2012-12-09 07:11:50'),
(488, '0906096960', 'tienpham0906@gmail.com', '2012-12-09 07:12:04'),
(489, '0906096090', 'huynhthingoc.tram@pepsico.com', '2012-12-09 07:12:30'),
(490, '01674669468', 'yeuthuongchilamo@gmail.com', '2012-12-09 07:21:02'),
(491, '0974842456', 'vantinloiem_at88@yahoo.com', '2012-12-09 07:22:53'),
(492, '01677779611', 'thao9392@gmail.com', '2012-12-09 07:40:11'),
(493, '01228603789', 'hoangkimngodang@gmail.com', '2012-12-09 07:53:26'),
(494, '01633828917', 'nhanthai1208@gmail.com', '2012-12-09 07:53:58'),
(495, '01633828917', 'nhanthai1208@gmail.com', '2012-12-09 07:53:58'),
(496, '0933205979', 'traitimmua_thu2001@yahoo.com', '2012-12-09 07:54:23'),
(497, '0902186862', 'duonghuuhai01@yahoo.com.vn', '2012-12-09 07:56:41'),
(498, '0976514819', 'sunflower_9118@yahoo.com', '2012-12-09 08:21:20'),
(499, '01683472372', 'huongnong.2510@gmail.com', '2012-12-09 08:33:26'),
(500, '0983102046', 'minhchuv@yahoo.com', '2012-12-09 08:43:57'),
(501, '0909089029', 'pasinizl@gmail.com', '2012-12-09 08:49:32'),
(502, '0914001460', 'ruoiconus@yahoo.com', '2012-12-09 09:00:31'),
(503, '01278989721', 'levietcuongdn@gmail.com', '2012-12-09 09:00:57'),
(504, '01678997337', 'hoangdangchicuong2012', '2012-12-09 09:06:51'),
(505, '0987240678', 'danghonghue89@gmail.com', '2012-12-09 09:07:07'),
(506, '0905043289', 'hoanghoan81@gmail.com', '2012-12-09 09:07:52'),
(507, 'quynhgiang83vn@yahoo', '01252726595', '2012-12-09 09:18:48'),
(508, '0903320800', 'katynguyen_love@yahoo.com', '2012-12-09 09:18:51'),
(509, 'nguyenhnvn1@gmail.co', '01232125585', '2012-12-09 09:19:15'),
(510, '0989865605', 'flamenco711@gmail.com', '2012-12-09 09:22:08'),
(511, '01206224100', 'miomachi2000@gmail.com', '2012-12-09 09:23:00'),
(512, '0918668592', 'oh_hello_em@yahoo.com', '2012-12-09 09:41:42'),
(513, '0903101411', 'necialy@yahoo.com', '2012-12-09 09:56:00'),
(514, '01656880810', 'tinnhancuaanh_dt@yahoo.com', '2012-12-09 10:23:56'),
(515, '01656880810', 'anhsenhomaiveem_007@yahoo.com', '2012-12-09 10:25:47'),
(516, '01655966086', 'happyhappy1002000@yahoo.com', '2012-12-09 10:25:48'),
(517, '01698255481', 'totrinh_4t@yahoo.com', '2012-12-09 10:25:57'),
(518, '0979053492', 'alicevohieuhoa@yahoo.com.vn', '2012-12-09 10:37:26'),
(519, '0904417307', 'phuongkhoispkt@gmail.com', '2012-12-09 10:46:10'),
(520, '01883355069', 'babysay.tg@gmail.com', '2012-12-09 10:51:16'),
(521, '01649821145', 'goigiacmove_qtque@yahoo.com.vn', '2012-12-09 11:06:45'),
(522, '01649821149', 'goigiacmove_qtque@yahoo.com.vn', '2012-12-09 11:12:00'),
(523, '01669821543', 'goigiacmove_qtque@yahoo.com.vn', '2012-12-09 11:12:28'),
(524, '01656046192', 'cocui22@yahoo.com', '2012-12-09 11:16:20'),
(525, '0966237777', 'trang9090_bmt@yahoo.com', '2012-12-09 11:31:26'),
(526, '01649682187', 'kimvy1406@yahoo.com.vn', '2012-12-09 11:42:52'),
(527, '01682612639', 'diemmy91_tv@yahoo.com.vn', '2012-12-09 11:42:56'),
(528, '0993507639', 'ngtnquynh91@gmail.com', '2012-12-09 11:46:40'),
(529, '01217608793', 'hoatuyet30692@yahoo.com.vn', '2012-12-09 11:48:56'),
(530, '0934964496', 'nguyenchin84@gmail.com', '2012-12-09 11:57:52'),
(531, '01644222918', 'aphu_2010@yahoo.com', '2012-12-09 12:02:32'),
(532, '01697702292', 'lovekun1988@yahoo.com.vn', '2012-12-09 12:04:10'),
(533, '0946504870', 'teddy_bebu@yahoo.com', '2012-12-09 12:13:44'),
(534, '01684773945', 'pe_cream92@yahoo.com', '2012-12-09 12:15:49'),
(535, '0963556019', 'anhgeitthangdo_neuemyeuno_hq@yahoo.com', '2012-12-09 12:16:29'),
(536, '01684773945', 'pe_cream92@yahoo.com', '2012-12-09 12:16:36'),
(537, '0937683007', 'minhnguyen2290@yahoo.com.vn', '2012-12-09 12:21:20'),
(538, '0906987983', 'huongtamquang@yahoo.com', '2012-12-09 12:38:54'),
(539, '0908938667', 'phongvl2003@yahoo.com', '2012-12-09 12:39:12'),
(540, '0988012705', 'nguyenhoangyen092@gmail.com', '2012-12-09 12:39:47'),
(541, '0906943629', 'tungnguyen2304@yahoo.com.vn', '2012-12-09 12:39:57'),
(542, '0975299925', 'quangtue002@yahoo.ca', '2012-12-09 12:40:04'),
(543, '01667199164', 'haohoa_hn_1991@yahoo.com.vn', '2012-12-09 12:40:27'),
(544, '01649820648', 'huynhthidiemtrinh91@gmail.com', '2012-12-09 12:40:51'),
(545, '0905991014', 'dangha08a1@gmail.com', '2012-12-09 12:43:50'),
(546, '01222025044', 'brainbow289@yahoo.com', '2012-12-09 12:46:25'),
(547, '0934929369', 'lthuy369@yahoo.com', '2012-12-09 12:50:55'),
(548, '01689022406', 'lythanhphong018@gmail.com', '2012-12-09 12:57:39'),
(549, '01664371419', 'hoangyen_o0o_canary@yahoo.com', '2012-12-09 12:59:10'),
(550, '0943236557', 'thaomyhoa@gmail.com', '2012-12-09 13:01:44'),
(551, '01654440461', 'bye_bye_chjatay@yahoo.com', '2012-12-09 13:05:41'),
(552, '01644063553', 'daoquocvien@gmail.com', '2012-12-09 13:08:45'),
(553, '01884564299', 'giaoducnhontrach@gmail.com', '2012-12-09 13:13:13'),
(554, '0908121544', 'lehungphuong@yahoo.com', '2012-12-09 13:21:55'),
(555, '01649622731', 'only1482008@gmail.com', '2012-12-09 13:25:27'),
(556, '01699344688', 'ngoclobie@gmail.com', '2012-12-09 13:32:28'),
(557, '01673654516', 'bingobuon@gmail.com', '2012-12-09 13:34:24'),
(558, '01656001338', 'thuyloan28591@gmail.com', '2012-12-09 13:53:05'),
(559, '090979856', 'hanthanhngoc@gmail.com', '2012-12-09 14:00:27'),
(560, '0122461146', 'thuydung3491@gmail.com', '2012-12-09 14:01:00'),
(561, '0976201338', 'thuhien15891@gmail.com', '2012-12-09 14:05:11'),
(562, '01689981832', 'ngoc.nguyenbaongoc@gmail.com', '2012-12-09 14:09:16'),
(563, '0987152743', 'hieudlld90@gmail.com', '2012-12-09 14:14:23'),
(564, '01229989800', 'trongtoicodon@yahoo.com.vn', '2012-12-09 14:19:33'),
(565, '01665317004', 'ngan2402@gmail.com', '2012-12-09 14:31:49'),
(566, '01229700933', 'ngan2402@gmail.com', '2012-12-09 14:32:41'),
(567, '0936152586', 'hankinguyen@gmail.com', '2012-12-09 14:57:51'),
(568, '01285729735', 'sahanakia@gmail.com', '2012-12-09 14:57:51'),
(569, '0935477768', 'giotmuanice@yahoo.com', '2012-12-09 15:11:32'),
(570, '0936709292', 'pipupig_1810@yahoo.com', '2012-12-09 15:15:15'),
(571, '01993556782', 'thptai.itc@gmail.com', '2012-12-09 15:15:42'),
(572, '01296712662', 'greenrose110692@yahoo.com', '2012-12-09 15:25:23'),
(573, '0982493520', 'Hoaduyman.to@gmail.com', '2012-12-09 15:33:14'),
(574, '01215752187', 'water_mouse1307@yahoo.com', '2012-12-09 15:42:40'),
(575, '0912214210', 'vuducthien88@yahoo.com', '2012-12-09 15:46:44'),
(576, '0983830216', 'minh.li860@gmail.com', '2012-12-09 15:56:23'),
(577, '0975033704', 'hantran3592@gmail.com', '2012-12-09 16:01:56'),
(578, '01683642877', 'ndcmta@zing.vn', '2012-12-09 16:03:41'),
(579, '0908082213', 'carmen_chu84@yahoo.com.hk', '2012-12-09 16:09:37'),
(580, '0908082213', 'carmen_chu84@yahoo.com.hk', '2012-12-09 16:09:57'),
(581, '0937037379', 'bebi0689@yahoo.com', '2012-12-09 16:11:10'),
(582, '0903180692', 'thuytien186@gmail.com', '2012-12-09 16:24:04'),
(583, '01203392883', 'nguyenhuuthien_757nt@yahoo.com.vn', '2012-12-09 16:24:37'),
(584, '01203392883', 'nguyenhuuthien_757nt@yahoo.com.vn', '2012-12-09 16:24:38'),
(585, '01658459595', 'twoaytuananh@gmail.com', '2012-12-09 16:25:19'),
(586, '0937270592', 'mai_nguyen11151@yahoo.com.vn', '2012-12-09 16:29:59'),
(587, '0937270592', 'mai.nguyen11151@gmail.com', '2012-12-09 16:30:14'),
(588, '0962104500', 'cua_ba_cang_123@yahoo.com', '2012-12-09 16:32:38'),
(589, '0979830666', 'thanhtam20044@yahoo.com', '2012-12-09 16:33:00'),
(590, '01699521049', 'nguyenhuuthien_757nt@yahoo.com.vn', '2012-12-09 16:33:51'),
(591, '01675377266', 'Kientran991@yahoo.com.vn', '2012-12-09 16:42:21'),
(592, '0934243000', 'tthuyduong2406@gmail.com', '2012-12-09 16:43:16'),
(593, '01689288973', 'butchigo_cove@yahoo.com.vn', '2012-12-09 16:54:38'),
(594, '01686619780', 'uyentran225@gmail.com', '2012-12-09 16:59:53'),
(595, '0906080899', 'ngoloi.bg@gmail.com', '2012-12-09 17:26:12'),
(596, '01626733099', 'giovotinh.ptit@gmail.com', '2012-12-09 19:02:34'),
(597, '+84948856091', 'bichnguyen.hus@gmail.com', '2012-12-09 19:21:53'),
(598, '0976673976', 'hoangpk001@yopmail.com', '2012-12-09 20:16:07'),
(599, '0938331157', 'phucnguyen0903@yahoo.com', '2012-12-09 21:08:34'),
(600, '01636361060', 'changbaby_mario29@yahoo.com', '2012-12-09 21:09:41'),
(601, '0948888488', 'Fdtrung@gmAil.com', '2012-12-09 22:27:54'),
(602, '01282643165', 'leyen1503@gmail.com', '2012-12-09 23:08:39'),
(603, '01668644015', 'Boy_vp_9x_taponline@yahoo.com', '2012-12-10 00:36:45'),
(604, '01669419770', 'anhbinhminh659@yahoo.com', '2012-12-10 00:41:45'),
(605, '0985903500', 'huynhnhu1988tv@yahoo.com', '2012-12-10 00:51:14'),
(606, '01686893066', 'vanghaoquang_88@yahoo.com', '2012-12-10 00:51:28'),
(607, '0977428000', 'beyeu_hg@yahoo.com', '2012-12-10 00:56:18'),
(608, '0979627923', 'cakinhdaiduong.bd@gmail.com', '2012-12-10 01:01:08'),
(609, '01685387706', 'uyenvnn@gmail.com', '2012-12-10 01:10:12'),
(610, '0907650066', 'lttvkth@yahoo.com', '2012-12-10 01:17:38'),
(611, '0993094044', 'lttvkth@gmail.com', '2012-12-10 01:18:38'),
(612, '0949841984', 'linhtinhthuytinh@yahoo.com', '2012-12-10 01:28:38'),
(613, '0989995250', 'tranbichngoc0604@yahoo.com', '2012-12-10 01:28:47'),
(614, '01234060065', 'Sam_stnt@yahoo.com.vn', '2012-12-10 01:30:11'),
(615, '01234060065', 'sam_stnt@yahoo.com.vn', '2012-12-10 01:30:29'),
(616, '0902622900', 'TRONGKENT@YAHOO.COM.VN', '2012-12-10 01:32:51'),
(617, '0906097168', 'kenttrong@yahoo.com', '2012-12-10 01:33:21'),
(618, '0909920479', 'hang141282@yahoo.com', '2012-12-10 01:52:49'),
(619, '0977458434', 'hlp.bichhang@gmail.com', '2012-12-10 02:00:57'),
(620, '0988758067', 'nhuphuc067@gmail.com', '2012-12-10 02:02:43'),
(621, '01684787769', 'kanghy_07@yahoo.com', '2012-12-10 02:19:43'),
(622, '01684787769', 'kanghy_07@yahoo.com', '2012-12-10 02:19:47'),
(623, '01684787769', 'kanghy_07@yahoo.com', '2012-12-10 02:19:47'),
(624, '01647449502', 'anhhaynho_emchoanh@yahoo.com', '2012-12-10 02:22:52'),
(625, '01632173252', 'mattroivangvn_yb@yahoo.com', '2012-12-10 02:30:19'),
(626, '0988146131', 'hoanhuongnb@gmail.com', '2012-12-10 02:34:20'),
(627, '01685195102', 'nguyenbkit@gmail.com', '2012-12-10 02:52:55'),
(628, '0908481918', 'nguyenhao0890@gmail.com', '2012-12-10 03:07:22'),
(629, '01668936908', 'tichduongthiensu36@yahoo.com.vn', '2012-12-10 03:09:36'),
(630, '0939312507', 'tconangdacam@yahoo.com', '2012-12-10 03:11:48'),
(631, '0916825747', 'damthaiha@yahoo.com', '2012-12-10 03:15:58'),
(632, '0903539588', 'nguyenxuanhong84@yahoo.com', '2012-12-10 03:16:33'),
(633, '0947656390`', 'baby_love29062001@yahoo.com', '2012-12-10 03:18:39'),
(634, '0904687983', 'rainbow_in_sky115@yahoo.com', '2012-12-10 03:26:09'),
(635, '0938989737', 'mptuyetmai6@gmail.com', '2012-12-10 03:32:29'),
(636, '0984798428', 'huongconmoi@yahoo.com.vn', '2012-12-10 03:35:13'),
(637, '0916727255', 'me_tichuot@yahoo.com.vn', '2012-12-10 03:35:42'),
(638, '0993580373', 'tungvugv@yahoo.com.vn', '2012-12-10 03:36:00'),
(639, '0987178155', 'maixualo@yahoo.com.vn', '2012-12-10 03:36:14'),
(640, '0983855972', 'emmeobo@yahoo.com.vn', '2012-12-10 03:36:27'),
(641, '0835890186', 'dihaibuoi@yahoo.com.vn', '2012-12-10 03:36:44'),
(642, '0984513276', 'hang_a5@yahoo.com', '2012-12-10 03:36:53'),
(643, '0903376664', 'kieunguyenbe@yahoo.com.vn', '2012-12-10 03:37:04'),
(644, '01683821549', 'arianahoang@gmail.com', '2012-12-10 03:38:58'),
(645, '0903306088', 'tuananh.hoang@adkvn.com', '2012-12-10 03:40:25'),
(646, '0973500690', 'angtuphuongbac89@gmail.com', '2012-12-10 03:42:16'),
(647, '0993319834', 'puppyolds@yahoo.com.vn', '2012-12-10 03:44:00'),
(648, '0993319834', 'puppyolds@yahoo.com.vn', '2012-12-10 03:44:14'),
(649, 'nhungthanh12@yahoo.c', 'caubehu', '2012-12-10 03:44:30'),
(650, '0993369673', 'meemthang@yahoo.com.vn', '2012-12-10 03:44:36'),
(651, '0906346022', 'ltrinhph@gmail.com', '2012-12-10 03:44:54'),
(652, '01692411832', 'buithuy250510@gmail.com', '2012-12-10 03:45:11'),
(653, '0988805022', 'loctinbtco.ltd@gmail.com', '2012-12-10 03:45:19'),
(654, '0979177501', 'lamkinh_a4@yahoo.com', '2012-12-10 03:45:45'),
(655, '01685605889', 'cobenamlun_92@yahoo.com', '2012-12-10 03:48:29'),
(656, '01685495679', 'u_and_i_131@yahoo.com ', '2012-12-10 03:51:17'),
(657, '01202529222', 'rongden_1252005@yahoo.com', '2012-12-10 03:53:55'),
(658, '0972681725', 'tinhtham257@yahoo.com', '2012-12-10 03:54:02'),
(659, '0972681725', 'tinhtham257@yahoo.com', '2012-12-10 03:54:02'),
(660, '0988230690', 'dinhthituoi236@gmail.com', '2012-12-10 03:58:09'),
(661, '01659591879', 'thuytjen.pt@gmail.com', '2012-12-10 03:58:16'),
(662, '0904482555', 'trio_nht2002@yahoo.com', '2012-12-10 04:03:20'),
(663, '0904560046', 'kieugiang1988@yahoo.com', '2012-12-10 04:04:12'),
(664, '0973920987', 'alicefire@yahoo.com', '2012-12-10 04:06:36'),
(665, '0934765353', 'xuanbinhtktt@gmail.com', '2012-12-10 04:07:08'),
(666, '01265709179', 'thanhvinh_nguyen90@yahoo.com.vn', '2012-12-10 04:07:51'),
(667, '0962282391', 'comaixanh_1989@yahoo.com', '2012-12-10 04:11:24'),
(668, '0988439460', 'maithithuhuong.1991@gmail.com', '2012-12-10 04:14:18'),
(669, '01228779865', 'hermione.nth1992@gmail.com', '2012-12-10 04:19:06'),
(670, '01232107373', 'vit_beo_online@yahoo.com.vn', '2012-12-10 04:26:34'),
(671, '0974897673', 'lambxno1@yahoo.com', '2012-12-10 04:29:59'),
(672, '01673163983', 'Linhlan.l0v3@gmail.com', '2012-12-10 04:42:16'),
(673, '0904922638', 'thuyhuong_yb@yahoo.com', '2012-12-10 04:46:03'),
(674, '01687039277', 'cuocsongconmai@gmail.com', '2012-12-10 04:52:55'),
(675, '01213142425', 'lacgiuadoi0307@yahoo.com.vn', '2012-12-10 04:57:57'),
(676, '0908443043', 'nguyen_mai6464@yahoo.com', '2012-12-10 05:08:51'),
(677, '01693809415', 'thanhlongltdn@yahoo.com.vn', '2012-12-10 05:09:50'),
(678, '0984540479', 'hoangvumaihanh@gmail.com', '2012-12-10 05:10:20'),
(679, '0984540479', 'hoangvumaihanh@gmail.com', '2012-12-10 05:10:20'),
(680, '0984540479', 'hoangvumaihanh@gmail.com', '2012-12-10 05:10:20'),
(681, '0984540479', 'hoangvumaihanh@gmail.com', '2012-12-10 05:10:20'),
(682, '0984540479', 'hoangvumaihanh@gmail.com', '2012-12-10 05:10:20'),
(683, '0984540479', 'hoangvumaihanh@gmail.com', '2012-12-10 05:10:20'),
(684, '0984540479', 'hoangvumaihanh@gmail.com', '2012-12-10 05:10:20'),
(685, '0984540479', 'hoangvumaihanh@gmail.com', '2012-12-10 05:10:20'),
(686, '0984540479', 'hoangvumaihanh@gmail.com', '2012-12-10 05:10:20'),
(687, '0984540479', 'hoangvumaihanh@gmail.com', '2012-12-10 05:10:20'),
(688, '0984540479', 'hoangvumaihanh@gmail.com', '2012-12-10 05:10:21'),
(689, '0984540479', 'hoangvumaihanh@gmail.com', '2012-12-10 05:10:21'),
(690, '0984540479', 'hoangvumaihanh@gmail.com', '2012-12-10 05:10:22'),
(691, '0984540479', 'hoangvumaihanh@gmail.com', '2012-12-10 05:10:22'),
(692, '0984540479', 'hoangvumaihanh@gmail.com', '2012-12-10 05:10:22'),
(693, '01218194038', 'peut0205@gmail.com', '2012-12-10 05:17:47'),
(694, '01245554373', 'banglangtim_1992@yahoo.com', '2012-12-10 05:19:56'),
(695, '0937907627', 'nguyenanhthao19@gmail.com', '2012-12-10 05:25:44'),
(696, '01694343586', 'vanhellsing0011@gmail.com', '2012-12-10 05:31:50'),
(697, '0986896321', 'duphuong1412@gmail.com', '2012-12-10 05:47:35'),
(698, '01689821508', 'quyennapa@gmail.com', '2012-12-10 05:49:01'),
(699, '0982921992', 'iukhongkhoc@yahoo.com', '2012-12-10 05:51:41'),
(700, '01667656084', 'snowlovely000@gmail.com', '2012-12-10 05:53:28'),
(701, '0942462626', 'thien.nq412@gmail.com', '2012-12-10 05:55:06'),
(702, '0915378824', 'hoangthituyetqb88@gmail.com', '2012-12-10 06:09:02'),
(703, '0983340996', 'hanhnhi_chiplu@yahoo.com.vn', '2012-12-10 06:10:04'),
(704, '0983340996', 'hanhnhi_chiplu@yahoo.com.vn', '2012-12-10 06:10:38'),
(705, '0902666554', 'thao_ha89vn@yahoo.com', '2012-12-10 06:14:30'),
(706, '01682134037', 'phuonganhnguyen.1221@gmail.com', '2012-12-10 06:29:30'),
(707, '01682135037', 'phuonganhnguyen.1221@gmail.com', '2012-12-10 06:31:25'),
(708, '0936988834', 'nightfly.jun@gmail.com', '2012-12-10 06:38:10'),
(709, '0922613391', 'hoangtung127@gmail.com', '2012-12-10 06:38:26'),
(710, '01674667715', 'nguyenhongphuong.9x@gmail.com', '2012-12-10 07:00:45'),
(711, '0123456789', 'nhandt@peacesoft.net', '2012-12-10 07:10:03'),
(712, 'belienmylove', 'gianglien', '2012-12-10 07:10:29'),
(713, '0966383394', 'phamphap.90@yahoo.com', '2012-12-10 07:11:50'),
(714, '0976 490 790', 'nhim810hb@gmail.com', '2012-12-10 07:20:50'),
(715, '01697456006', 'kh04j_ng0_1111@yahoo.com', '2012-12-10 07:28:10'),
(716, '0934444002', 'ga_tay50@yahoo.com', '2012-12-10 07:30:20'),
(717, '0934444002', 'ga_tay50@yahoo.com', '2012-12-10 07:30:39'),
(718, '0934444002', 'ga_tay50@yahoo.com', '2012-12-10 07:30:47'),
(719, '01683164753', 'teenstyle9228@yahoo.com', '2012-12-10 07:31:52'),
(720, '0975750706', 'trungechip@yahoo.com.vn', '2012-12-10 07:48:49'),
(721, '0936363583', 'hiepmao@gmail.com', '2012-12-10 07:52:02'),
(722, '0937965962', 'totrang1009@yahoo.com.vn', '2012-12-10 07:52:54'),
(723, '0936209689', 'a_q_a83@yahoo.com.vn', '2012-12-10 08:07:45'),
(724, '0942955990', 'lovelysnow152005@yahoo.com', '2012-12-10 08:15:21'),
(725, '0942955990', 'lovelysnow152005@yahoo.com', '2012-12-10 08:15:46'),
(726, '0984440451', 'autumn.violet91@yahoo.com.vn', '2012-12-10 08:21:57');
INSERT INTO `order_contact` (`idorder_contact`, `phone`, `email`, `addtime`) VALUES
(727, '0974963382', 'thanhtuyen535@gmail.com', '2012-12-10 08:24:53'),
(728, '0974732290', 'daothihang1804@gmail.com', '2012-12-10 08:42:07'),
(729, '01212668895', 'trangkhanh292@gmail.com', '2012-12-10 08:48:54'),
(730, '01685705172', 'duyvinh2512@gmail.com', '2012-12-10 08:52:33'),
(731, '0902230284', 'anhvhvinexad@gmail.com', '2012-12-10 08:53:06'),
(732, '0968563190', 'anhtuan_changkhothuychung_9xpro@yahoo.com', '2012-12-10 08:54:11'),
(733, '0977548601', 'zairozy20041992@yahoo.com.vn', '2012-12-10 09:01:50'),
(734, '01208600339', 'slick_slick_08@yahoo.com', '2012-12-10 09:05:49'),
(735, '0908707900', 'happy_friend456@yahoo.com', '2012-12-10 09:12:54'),
(736, '0942358403', 'internetsales.vn@gmail.com', '2012-12-10 09:19:37'),
(737, '01626960768', 'lequannvk12@yahoo.com.vn', '2012-12-10 09:26:08'),
(738, '01626960768', 'lequannvk12@yahoo.com.vn', '2012-12-10 09:26:08'),
(739, '0934767304', 'baodinh1302@yahoo.com', '2012-12-10 09:27:45'),
(740, '0977766169', 'giotnuoc169@yahoo.com', '2012-12-10 09:28:14'),
(741, '0939201160', 'dphyen.snvst@gmail.com', '2012-12-10 09:37:02'),
(742, '0909190075', 'phuongminhpanda@gmail.com', '2012-12-10 09:37:17'),
(743, '0936276268', 'tinhyeu9992001@yahoo.com', '2012-12-10 09:41:53'),
(744, 'oc_huong83@yahoo.com', '0933723634', '2012-12-10 09:42:54'),
(745, '0906472886', 'chrisnguyen28@gmail.com', '2012-12-10 09:56:03'),
(746, '0983592129', 'ncthanh.cntt@gmail.com', '2012-12-10 09:56:23'),
(747, '0982098726', 'kimchi260188@gmail.com', '2012-12-10 09:59:43'),
(748, '0985440758', 'nguyenhongdlk@gmail.com', '2012-12-10 10:08:34'),
(749, '0973176138', 'ghitavabien_t17@yahoo.com', '2012-12-10 10:09:22'),
(750, 'phuongdung.bach@yaho', '0985584178', '2012-12-10 10:10:25'),
(751, '0982951842', 'nguyentri842@gmail.com', '2012-12-10 10:13:11'),
(752, '09534534545', 'nltest@gmail.com', '2012-12-10 10:13:31'),
(753, '0398590345', 'ekfkd@gkgjk.com', '2012-12-10 10:19:10'),
(754, '01998590242', 'dnthuymi@gmail.com', '2012-12-10 10:31:09'),
(755, '01697973236', 'hoangvy092@gmail.com', '2012-12-10 10:35:16'),
(756, '0914591668', 'kimoanh.8512@gmail.com', '2012-12-10 10:47:29'),
(757, '01868270787', 'nk0cng0_2210@yahoo.com', '2012-12-10 10:47:53'),
(758, '0973642183', 'thanhyenbg', '2012-12-10 10:48:16'),
(759, '01655697349', 'phuongtran3012@gmail.com', '2012-12-10 11:02:16'),
(760, '0989816869', 'tranhuong161090@gmail.com', '2012-12-10 11:02:27'),
(761, '0986392837', 'winwin2593@yahoo.com', '2012-12-10 11:02:40'),
(762, '0975909288', 'n0i_tinhyeu_batdau@yahoo.com', '2012-12-10 11:03:18'),
(763, '01658086085', 'netkbpro@yahoo.com.vn', '2012-12-10 11:05:12'),
(764, '0936405404', 'traitimnguoiyeu1984@yahoo.com', '2012-12-10 11:08:51'),
(765, '0988867457', 'ducbinhxf@gmail.com', '2012-12-10 11:33:53'),
(766, '01646483320', 'muabongmayabc@gmail.com', '2012-12-10 11:35:56'),
(767, '01644321457', 'duonglinh251291@yahoo.com', '2012-12-10 12:06:01'),
(768, '01649557309', 'thelong.thelong@gmail.com', '2012-12-10 12:06:12'),
(769, '01678997337', 'hoangdangchicuong2012@gmail.com', '2012-12-10 12:06:13'),
(770, '0987240678', 'danghonghue89@gmail.com', '2012-12-10 12:06:28'),
(771, '0905043289', 'hoanghoan81@gmail.com', '2012-12-10 12:06:41'),
(772, '01656077344', 'vi_sao_em_khoc1992@yahoo.com', '2012-12-10 12:10:23'),
(773, '01656077344', 'vi_sao_em_khoc1992@yahoo.com', '2012-12-10 12:10:23'),
(774, '01656077344', 'vi_sao_em_khoc1992@yahoo.com', '2012-12-10 12:10:23'),
(775, '0979586586', 'Congtri2008@gmail.com', '2012-12-10 12:19:44'),
(776, '01626515616', 'lehongnhunghg92@gmail.com', '2012-12-10 12:41:07'),
(777, '01626515616', 'lehongnhunghg92@gmail.com', '2012-12-10 12:41:36'),
(778, '01663834173', 'phan@yahoo.com', '2012-12-10 12:47:23'),
(779, '01662730363', 'endloveforever01@yahoo.com.vn', '2012-12-10 12:48:14'),
(780, '0932800678', 'thalamnguoibanthan2009@yahoo.com', '2012-12-10 13:10:26'),
(781, '0932800678', 'thalamnguoibanthan2009@yahoo.com', '2012-12-10 13:10:37'),
(782, '0932800678', 'thalamnguoibanthan2009@yahoo.com', '2012-12-10 13:11:02'),
(783, '01659617614', 'thienthantinhyeu7878@yahoo.com', '2012-12-10 13:12:18'),
(784, '0436434534', 'bee_dor0thy@yahoo.com', '2012-12-10 13:19:45'),
(785, '01667074687', 'thamnguyen21692@gmail.com', '2012-12-10 13:19:49'),
(786, '01684799834', 'www.dankit0@yahoo.com.vn', '2012-12-10 13:23:26'),
(787, '01253535123', 'lat1985@yahoo.com', '2012-12-10 13:23:32'),
(788, '01289228807', 'nguyendiep17@gmail.com', '2012-12-10 13:32:02'),
(789, '01698590459', 'hoaquynhanh_kg@yahoo.com', '2012-12-10 13:32:40'),
(790, '0934047572', 'thanhtuyen.8191@gmail.com', '2012-12-10 13:33:37'),
(791, '0985230991', 'dduong9x@gmail.com', '2012-12-10 13:44:21'),
(792, '0985230991', 'dduong9x@gmail.com', '2012-12-10 13:44:21'),
(793, '0983753108', 'hoangoanh776296@gmail.com', '2012-12-10 13:52:39'),
(794, '0902364176', 'luxlorace@gmail.com', '2012-12-10 13:53:04'),
(795, '0995539092', 'sweetlove2511@yahoo.com', '2012-12-10 13:54:07'),
(796, '01644814543', 'yoyo.luul@gmail.com', '2012-12-10 13:55:54'),
(797, '01655647791', 'nhox_galuoc@yahoo.com', '2012-12-10 13:56:59'),
(798, '0902364176', 'luxlorace@gmail.com', '2012-12-10 13:58:13'),
(799, '0985539770', 'ngthituongvi@gmail.com', '2012-12-10 14:15:41'),
(800, '01229601554', 'nlthuy1711@gmail.com', '2012-12-10 14:19:02'),
(801, '01688962780', 'meocon9289@gmail.com', '2012-12-10 14:22:04'),
(802, '01626075167', 'my_love_info@yahoo.com', '2012-12-10 14:23:39'),
(803, '0979820933', 'phuocsangpro@gmail.com', '2012-12-10 14:33:49'),
(804, '01662937773', 'ime.moah@yahoo.com.vn', '2012-12-10 14:36:20'),
(805, '01682188212', 'sutudaurong_vn@yahoo.com', '2012-12-10 14:47:16'),
(806, '0947272444', 'phuongnganbh@gmail.com', '2012-12-10 14:59:39'),
(807, '01283186094', 'than_dudang@yahoo.com', '2012-12-10 15:00:50'),
(808, '0977482271', 'rua_con_rua_67@yahoo.com', '2012-12-10 15:02:32'),
(809, '0977482271', 'rua_con_rua_67@yahoo.com', '2012-12-10 15:02:33'),
(810, '0977482271', 'rua_con_rua_67@yahoo.com', '2012-12-10 15:03:29'),
(811, '0909850097', 'elice_ngoc@yahoo.com.vn', '2012-12-10 15:08:47'),
(812, '01287280699', 'bonghong_thuytinhhp_hk2005@yahoo.com', '2012-12-10 15:09:44'),
(813, '0906961390', 'nhoxpun_s2_ngok@yahoo.com.vn', '2012-12-10 15:12:31'),
(814, '0982701269', 'thuy146ts@yahoo.com.vn', '2012-12-10 15:18:50'),
(815, '0909829326', 'caoson1954@yahoo.com.vn', '2012-12-10 15:18:53'),
(816, '01674517609', 'nguyenthiuyen363@gmail.com', '2012-12-10 15:22:53'),
(817, '0906051035', 'blackcolour_9@yahoo.com', '2012-12-10 15:27:34'),
(818, '01233334948', 'bengal20072001@yahoo.com', '2012-12-10 15:34:13'),
(819, '01233334948', 'bengal20072001@yahoo.com', '2012-12-10 15:34:13'),
(820, '01667612273', 'phuonglinh_1282000@yahoo.com', '2012-12-10 15:44:51'),
(821, '01667612273', 'phuonglinh_1282000@yahoo.com', '2012-12-10 15:44:52'),
(822, '01667612273', 'phuonglinh_1282000@yahoo.com', '2012-12-10 15:44:52'),
(823, '01667612273', 'phuonglinh_1282000@yahoo.com', '2012-12-10 15:44:52'),
(824, '01667612273', 'phuonglinh_1282000@yahoo.com', '2012-12-10 15:44:52'),
(825, '01653488567', 'caphe_vanganh2003@yahoo.com', '2012-12-10 15:49:23'),
(826, '01644143063', 'i.hate.you2512@gmail.com', '2012-12-10 16:05:44'),
(827, '0932080691', 'yeumotlan_debietdaumotlan@yahoo.com', '2012-12-10 16:34:49'),
(828, '0939320096', 'meoconxauxi1991@yahoo.com', '2012-12-10 16:37:35'),
(829, '0939320096', 'meoconxauxi1991@yahoo.com', '2012-12-10 16:37:53'),
(830, '0995409583', 'hong_ngoc1191@yahoo.com', '2012-12-10 16:42:50'),
(831, '0995409583', 'nguyenhang2790@yahoo.com', '2012-12-10 16:45:09'),
(832, '01286198000', 'dl.lecuong@gmail.com', '2012-12-10 16:52:29'),
(833, '0903573499', '1004quynhmai@gmail.com', '2012-12-10 16:54:40'),
(834, '0904464173', 'tian.chianti@gmail.com', '2012-12-10 17:21:46'),
(835, '0938241567', 'chaungo0305@gmail.com', '2012-12-10 17:31:15'),
(836, '0938241567', 'chaungo0305@gmail.com', '2012-12-10 17:31:33'),
(837, '01233777763', 'lamkieudiem_92@yahoo.com', '2012-12-10 17:32:39'),
(838, '0963584963', 'cham.ktkt@gmail.com', '2012-12-10 17:33:33'),
(839, '0907102702', 'vanessahuang00@gmail.com', '2012-12-10 17:34:17'),
(840, '0932016108', 'nguyenvan.quang06@yahoo.com', '2012-12-10 17:34:41'),
(841, '0907144177', 'christinetse810@gmail.com', '2012-12-10 17:37:10'),
(842, '01217209557', 'tolala1310@gmail.com', '2012-12-10 17:37:49'),
(843, '0906438229', 'ngungaysaysua@gmail.com', '2012-12-10 17:38:01'),
(844, '0939495425', 'lmthai10nh@gmail.com', '2012-12-10 17:38:57'),
(845, '0978072125', 'laihongtoan.vntt@gmail.com', '2012-12-10 17:42:32'),
(846, '0977079427', 'tieuthu9x_dc@yahoo.com.vn', '2012-12-10 22:23:54'),
(847, '0905745347', 'luulytim0201@yahoo.com', '2012-12-11 00:11:58'),
(848, '01636025407', 'shit_cut3@yahoo.com', '2012-12-11 00:31:48'),
(849, '0933302895', 'teacyeon@ymail.com', '2012-12-11 00:40:13'),
(850, '09875858245', 'ekfkd@gkgjk.com', '2012-12-11 01:21:13'),
(851, '0985903500', 'huynhnhu1988tv@yahoo.com', '2012-12-11 01:26:27'),
(852, '0977060750', 'audieu.vfu@gmail.com', '2012-12-11 01:30:42'),
(853, '0918225187', 'qwe_qwe701836@yahoo.com', '2012-12-11 01:42:47'),
(854, '01649500382', 'sieubomtimban_2401@yahoo.com', '2012-12-11 01:43:18'),
(855, '01275192236', 'mlequang38@yahoo.com', '2012-12-11 01:45:03'),
(856, '01694253829', 'mytrancdtc@gmail.com', '2012-12-11 01:57:08'),
(857, '0939279787', 'thaidoanh_huynh@yahoo.com', '2012-12-11 02:01:54'),
(858, '0944343499', 'nguyenloi.haivan@yahoo.com', '2012-12-11 02:03:46'),
(859, '0974559327', 'nguyenloi.haivan.tourist@gmail.com', '2012-12-11 02:04:21'),
(860, '01867670106', 'em_chan_doi_04@yahoo.com', '2012-12-11 02:10:51'),
(861, '0906855191', 'cuoctinhkhongtronven1352@yahoo.com', '2012-12-11 02:11:45'),
(862, '0937152812', 'vuduongchipchip@yahoo.com.vn', '2012-12-11 02:15:28'),
(863, '0979533251', 'huyentram105@gmail.com', '2012-12-11 02:15:58'),
(864, '0944818878', 'tran001122@yahoo.com', '2012-12-11 02:16:58'),
(865, '0937152812', 'vuduongchipchip@yahoo.com.vn', '2012-12-11 02:17:04'),
(866, '01678418810', 'boy_danhdieu_dangyeu_gaikieu', '2012-12-11 02:18:52'),
(867, '0989785242', 'deviouslove@gmail.com', '2012-12-11 02:20:21'),
(868, '0989785242', 'deviouslove@gmail.com', '2012-12-11 02:20:25'),
(869, '0989785242', 'deviouslove@gmail.com', '2012-12-11 02:20:35'),
(870, '0976738831', 'dieuhientcnh@gmail.com', '2012-12-11 02:22:15'),
(871, '0974494889', 'mikysmart8x@gmail.com', '2012-12-11 02:26:53'),
(872, '0986955479', 'tplien.shinwon@gmail.com', '2012-12-11 02:34:53'),
(873, '0908548323', 'hannguyen1303@yahoo.com', '2012-12-11 02:35:50'),
(874, '01697305610', 'jennykiss247@gmail.com', '2012-12-11 02:37:12'),
(875, '0973017470', 'tranglt11165@student.ctu.edu.vn', '2012-12-11 02:38:03'),
(876, '01688442470', 'scarlett_ohara2210@yahoo.com.vn', '2012-12-11 02:43:23'),
(877, '0943937637', 'minhduc24311@gmail.com', '2012-12-11 02:50:12'),
(878, '0938291115', 'kieu_ngoc16@yahoo.com', '2012-12-11 02:50:24'),
(879, 'Hong', 'iuthay@yahoo.com', '2012-12-11 02:53:00'),
(880, '0989840138', 'vutan87@gmail.com', '2012-12-11 02:55:13'),
(881, '0989840138', 'vutan87@gmail.com', '2012-12-11 02:55:13'),
(882, '0949327079', 'honganhftu@gmail.com', '2012-12-11 02:55:44'),
(883, 'Trang', 'chuagion@yahoo.com', '2012-12-11 02:56:11'),
(884, '01202530663', 'rainie.smiles2@yahoo.com', '2012-12-11 02:57:11'),
(885, '0943937637', 'minhduc24311@gmail.com', '2012-12-11 03:00:08'),
(886, '0943937637', 'minhduc24311@gmail.com', '2012-12-11 03:00:14'),
(887, '0973092293', 'vanlumuls@gmail.com', '2012-12-11 03:06:03'),
(888, '01884801857', 'baby_xauxauxyxy@yahoo.com', '2012-12-11 03:06:03'),
(889, '01884801857', 'baby_xauxauxyxy@yahoo.com', '2012-12-11 03:06:03'),
(890, '01884801857', 'baby_xauxauxyxy@yahoo.com', '2012-12-11 03:06:04'),
(891, '01884801857', 'baby_xauxauxyxy@yahoo.com', '2012-12-11 03:06:04'),
(892, '01884801857', 'baby_xauxauxyxy@yahoo.com', '2012-12-11 03:06:04'),
(893, '01884801857', 'baby_xauxauxyxy@yahoo.com', '2012-12-11 03:06:04'),
(894, '01884801857', 'baby_xauxauxyxy@yahoo.com', '2012-12-11 03:06:04'),
(895, '0973092293', 'vanlumuls@gmail.com', '2012-12-11 03:06:04'),
(896, '0906636067', 'thuttqh@yahoo.com.vn', '2012-12-11 03:07:00'),
(897, '0944255600', 'trinhtran2712@gmail.com', '2012-12-11 03:10:53'),
(898, '01692143007', 'hamai.ctv92@gmail.com', '2012-12-11 03:17:39'),
(899, '0909024618', 'tho_ngoc75@yahoo.com', '2012-12-11 03:18:09'),
(900, '0904150815', 'giang.vo90@yaoo.com.vn', '2012-12-11 03:20:43'),
(901, '0989480254', 'luulytim0201@gmail.com', '2012-12-11 03:22:11'),
(902, '0917506706', 'votinh2606@gmail.com', '2012-12-11 03:23:13'),
(903, '0939367668', 'sunny_rose637@yahoo.com', '2012-12-11 03:25:09'),
(904, '0989226838', 'duongkhanhhien@gmail.com', '2012-12-11 03:26:23'),
(905, '01643688941', 'xuanhien282@gmail.com', '2012-12-11 03:26:33'),
(906, '01203666959', 'ckay2402@gmail.com', '2012-12-11 03:28:28'),
(907, '01669646000', 'hoangducminh1910@gmail.com', '2012-12-11 03:30:23'),
(908, '01694634828', 'hoahongtuyet_a1@yahoo.com', '2012-12-11 03:33:18'),
(909, '0972 000 343 ', 'dieumy2008@gmail.com', '2012-12-11 03:37:09'),
(910, '0984993053', 'ngocha.huynh053@gmail.com', '2012-12-11 03:41:29'),
(911, '0936409411', 'nguyenthithutrang05@gmail.com', '2012-12-11 03:45:26'),
(912, '0948089189', 'nhocgaubong@yahoo.com', '2012-12-11 03:53:51'),
(913, '01663811396', 'ktnguyenhuuminh18031992@gmail.com', '2012-12-11 03:53:55'),
(914, '0914477147', 'khonglutuanh@yahoo.com', '2012-12-11 03:54:59'),
(915, '0905223179', 'vuhuynhyenlinh@gmail.com', '2012-12-11 04:01:34'),
(916, '0905330044', 'thuanhmoi@yahoo.com.vn', '2012-12-11 04:02:18'),
(917, '01666477605', 'bexinhbekieubeyeutinhdau_cn2006@yahoo.com', '2012-12-11 04:08:37'),
(918, '01666477605', 'akhenaten.accp@gmail.com', '2012-12-11 04:09:42'),
(919, '0977991201', 'vypham84@gmail.com', '2012-12-11 04:10:34'),
(920, '0976568960', 'thuhuong2087@yahoo.com', '2012-12-11 04:15:20'),
(921, '01272016958', 'nguyenhuyen220387@yahoo.com', '2012-12-11 04:23:40'),
(922, '0983598907', 'thaonguyenxanh1982@gmail.com', '2012-12-11 04:24:10'),
(923, '0945377809', 'ditimhanhphucvn2009@yahoo.com', '2012-12-11 04:26:01'),
(924, '0986909909', 'baby.forever909@gmail.com', '2012-12-11 04:36:03'),
(925, '0986909909', 'baby.forever909@gmail.com', '2012-12-11 04:36:03'),
(926, '0989830591', 'nguoitabaoemla_lasat@yahoo.com', '2012-12-11 04:37:12'),
(927, '01692388208', 'hangthutb@gmail.com', '2012-12-11 05:06:50'),
(928, '0908451510', 'thanhtu1310@yahoo.com.vn', '2012-12-11 05:07:54'),
(929, '01695945542', 'tianangbinhminh_3010@yahoo.com', '2012-12-11 05:12:27'),
(930, '01267151762', 'blue_sky041191@yahoo.com', '2012-12-11 05:15:42'),
(931, '0908934272', 'ntngochuan.09ctk@gmail.com', '2012-12-11 05:16:25'),
(932, '01659391336', 'shinichikudo_1212@yahoo.com.vn', '2012-12-11 05:24:01'),
(933, '0908947154', 'ngocnhi_0702@yahoo.com.vn', '2012-12-11 05:32:24'),
(934, '0983517518', 'khanh8121@yahoo.com', '2012-12-11 05:33:20'),
(935, '0989015551', 'huanhacker18@yahoo.com', '2012-12-11 05:34:05'),
(936, '0903906142', 'phonglinh104@gmail.com', '2012-12-11 05:35:19'),
(937, '01668700693', 'vitcon_lovely_93@yahoo.com', '2012-12-11 05:35:26'),
(938, '01668700693', 'vitcon_lovely_93@yahoo.com', '2012-12-11 05:35:52'),
(939, '0987690555', 'ngan630@gmail.com', '2012-12-11 05:43:12'),
(940, '01645611779', 'thuytien5793@gmail.com', '2012-12-11 05:49:30'),
(941, '0979034704', 'doana2k6@gmail.com', '2012-12-11 05:52:47'),
(942, '0972601663', 'linhnga_07@yahoo.com.vn', '2012-12-11 05:54:18'),
(943, 'tttnhung0204@gmail.c', 'tttnhung0204@gmail.com', '2012-12-11 05:57:05'),
(944, '0913496498', 'danangchin@gmail.com', '2012-12-11 06:03:21'),
(945, '0907340358', 'v.t.ngocchau@gmail.com', '2012-12-11 06:07:06'),
(946, '0987568493', 'dothiquynhtrang6893@gmail.com', '2012-12-11 06:07:15'),
(947, '0976700106', 'dungtran994@gmail.com', '2012-12-11 06:12:13'),
(948, '0975383229', 'gi', '2012-12-11 06:16:53'),
(949, '0975383229', 'giotnuoctanvo@yahoo.com', '2012-12-11 06:17:07'),
(950, '01254512066', 'banchongdichat_9x@yahoo.com', '2012-12-11 06:24:05'),
(951, '0989165083', 'banchongdichat_9x@yahoo.com', '2012-12-11 06:24:33'),
(952, '0913854727', 'thienkimt@yahoo.com', '2012-12-11 06:24:47'),
(953, '0942208333', 'hoa_thuy_tinh_11_11@yahoo.com', '2012-12-11 06:27:52'),
(954, '0989291946', 'tangocphuong@gmail.com', '2012-12-11 06:28:28'),
(955, '0984825216', 'nuhoangbupbe_17@yahoo.com', '2012-12-11 06:28:45'),
(956, '0942313832', 'lalayenkhang@yahoo.com', '2012-12-11 06:35:55'),
(957, '01672192159', 'emphaidi_anhhayhieu@yahoo.com.vn', '2012-12-11 06:36:18'),
(958, '0933086862', 'thienthantuyet_dethuong_2005@yahoo.com', '2012-12-11 06:36:52'),
(959, '0993850270', 'hongh_cm@yahoo.com', '2012-12-11 06:44:14'),
(960, '01666704415', 'nguyenthidong47k1@gmail.com', '2012-12-11 06:49:19'),
(961, '0902 5584 005', 'nhung.pham07@yahoo.com', '2012-12-11 06:54:45'),
(962, '0918079059', 'traitimbienca_hyy@yahoo.com', '2012-12-11 06:59:59'),
(963, '0937353681', 'booboo_truong@yahoo.com', '2012-12-11 07:06:53'),
(964, '0902488886', 'lananhkt07@yahoo.com', '2012-12-11 07:08:17'),
(965, '01655555544', 'baoanh2@ymail.com', '2012-12-11 07:14:30'),
(966, '0946018018', 'sonan7886@gmail.com', '2012-12-11 07:15:09'),
(967, '0909775770', 'nguyetquang@gmail.com', '2012-12-11 07:16:34'),
(968, '0932073008', 'pt171_1310@yahoo.com', '2012-12-11 07:17:15'),
(969, 'nguyet120283@yahoo.c', '0903 777 696', '2012-12-11 07:18:26'),
(970, '0977583476', 'behattieu_maizinh@yahoo.com.vn', '2012-12-11 07:18:31'),
(971, '0977583476', 'behattieu_maizinh@yahoo.com.vn', '2012-12-11 07:18:31'),
(972, '0977583476', 'behattieu_maizinh@yahoo.com.vn', '2012-12-11 07:18:33'),
(973, '0977583476', 'behattieu_maizinh@yahoo.com.vn', '2012-12-11 07:18:33'),
(974, '0977583476', 'behattieu_maizinh@yahoo.com.vn', '2012-12-11 07:18:35'),
(975, '0977583476', 'behattieu_maizinh@yahoo.com.vn', '2012-12-11 07:18:35'),
(976, '0977583476', 'behattieu_maizinh@yahoo.com.vn', '2012-12-11 07:18:35'),
(977, '0979346220', 'q', '2012-12-11 07:31:50'),
(978, '0979346220', 'quataophale042005@yahoo.com', '2012-12-11 07:32:06'),
(979, '0917163664', 'ngoisaomouoc2468@yahoo.com', '2012-12-11 07:38:27'),
(980, '0984621263', 'vannguyenktnl@gmail.com', '2012-12-11 07:41:27'),
(981, '0962762963', 'chuotyeugaonhieunhieu@gmail.com', '2012-12-11 07:44:17'),
(982, '0902871624', 'phuong.gofico@gmail.com', '2012-12-11 07:49:09'),
(983, '01655937990', '11158039@st.hcmuaf.edu.vn', '2012-12-11 07:50:33'),
(984, '01655937990', '11158039@st.hcmuaf.edu.vn', '2012-12-11 07:50:34'),
(985, '01649296382', 'hondaosanho_2004@yahoo.com', '2012-12-11 08:03:29'),
(986, '01642450671', 'ychicanmotphut.vu@facebook.com', '2012-12-11 08:03:58'),
(987, '01698916995', 'maithu_1990@yahoo.com', '2012-12-11 08:09:43'),
(988, '01674662804', 'patitangel0810@gmail.com', '2012-12-11 08:10:17'),
(989, '01678090218', 'batrumxahoiden2002@yahoo.com', '2012-12-11 08:13:13'),
(990, '01217654817', 'nhocmeo_cr@yahoo.com', '2012-12-11 08:15:53'),
(991, '0974009976', 'dininhnhi28112002@yahoo.com', '2012-12-11 08:17:44'),
(992, '01697843622', 'nguyenha2308@gmail.com', '2012-12-11 08:24:44'),
(993, '01224884100', 'kykool_Nguyen@yahoo.com', '2012-12-11 08:24:53'),
(994, '0977255062', 'quytrang@gmail.com', '2012-12-11 08:29:20'),
(995, '0939678207', 'hongthao_0509@yahoo.com.vn', '2012-12-11 08:30:30'),
(996, '0935374949', 'tieuthu_phuonghoang_luatyb@yahoo.com', '2012-12-11 08:31:00'),
(997, '01692771180', 'nguyenngoantb@gmail.com', '2012-12-11 08:37:40'),
(998, '01698952686', 'dothy93@gmail.com', '2012-12-11 08:38:50'),
(999, '0907017616', 'thuychinh1989@yahoo.com.vn', '2012-12-11 08:45:41'),
(1000, '0907017616', 'thuychinh1989@yahoo.com.vn', '2012-12-11 08:45:42'),
(1001, '39251111', 'yenpearl561110@yahoo.com', '2012-12-11 08:49:25'),
(1002, '0908786787', 'tuyenluu612@gmail.com', '2012-12-11 08:58:10'),
(1003, '01659006508', 'nguyenhuyentrang200893@gmail.com', '2012-12-11 08:58:54'),
(1004, '0985710042', 'diepvien_uongnganh@yahoo.com', '2012-12-11 08:59:04'),
(1005, '0985380243', 'ngocly1989py@gmail.com', '2012-12-11 08:59:36'),
(1006, 'phuong.khanhtrjnh@gm', 'bukhungsieucap13', '2012-12-11 09:00:07'),
(1007, '0939797459', 'ttba107@yahoo.com.vn', '2012-12-11 09:01:32'),
(1008, '01658853660', 'thuytram.bn@gmail.com', '2012-12-11 09:01:37'),
(1009, '01658853660', 'thuytram.bn@gmail.com', '2012-12-11 09:01:38'),
(1010, 'vu_uy79@yahoo.com.vn', 'vu_uy79@yahoo.com.vn', '2012-12-11 09:31:17'),
(1011, '0914335045', 'vu_uy79@yahoo.com.vn', '2012-12-11 09:31:37'),
(1012, '0935919139', 'lehuong.dh@gmail.com', '2012-12-11 09:39:51'),
(1013, '0987642351', 'absc@yahoo.com', '2012-12-11 09:49:07'),
(1014, '01688372476', 'linhlethuy_linhlethuy@yahoo.com', '2012-12-11 09:51:16'),
(1015, '0938166594', 'p3ngox_p3khok_khynhoxrady@yahoo.com.vn', '2012-12-11 09:51:26'),
(1016, '0938708128', 'zagi0805@gmail.com', '2012-12-11 09:51:43'),
(1017, 'baoquyen_quenlangmot', 'Tiny1985', '2012-12-11 10:07:32'),
(1018, '01885252552', 'chuot.2607@yahoo.com.vn', '2012-12-11 10:19:37'),
(1019, '01233335545', 'Nguyn Th Hng Lin', '2012-12-11 10:20:36'),
(1020, '0908362963', 'distoan@yahoo.com', '2012-12-11 10:32:01'),
(1021, '01689537714', 'ngocquyen@email.comquyencao', '2012-12-11 10:32:06'),
(1022, '01659899631', 'nguyenthuynhung1994@gmail.com', '2012-12-11 10:32:32'),
(1023, '01689537714', 'ngocquyen@email.comquyencao', '2012-12-11 10:33:36'),
(1024, 'baby_kute762119@yaho', 'thihang', '2012-12-11 10:45:30'),
(1025, '01884711071', 'hoatuyetmuahe_921@yahoo.com', '2012-12-11 10:49:09'),
(1026, '0985798919', 'yennhitruong55@gmail.com', '2012-12-11 10:54:38'),
(1027, '0989917239', 'pexynh_dkny@yahoo.com.vn', '2012-12-11 11:04:22'),
(1028, '0979392634', 'kutedoll511@yahoo.com', '2012-12-11 11:15:26'),
(1029, '0943368885', 'yenha.2511@yahoo.com', '2012-12-11 11:16:53'),
(1030, '0943368885', 'yenha.2511@yahoo.com', '2012-12-11 11:17:11'),
(1031, '01657700112', 'suvythanh@yahoo.com', '2012-12-11 11:17:16'),
(1032, '01687301993', 'hoanghang14@gmail.com', '2012-12-11 11:18:40'),
(1033, '0973970280', 'tuyetmuahe107@yahoo.com.vn', '2012-12-11 11:20:23'),
(1034, '0973970280', 'tuyetmuahe107@yahoo.com.vn', '2012-12-11 11:20:36'),
(1035, '01656535687', 'dominhanh.k27@gmail.com', '2012-12-11 11:39:18'),
(1036, '0987691027', 'kubeo2710@yahoo.com.vn', '2012-12-11 11:41:25'),
(1037, '01674064192', 'anhtien210@gmail.com', '2012-12-11 12:03:54'),
(1038, '01686254659', 'hoahongtrang_girl9x@yahoo.com', '2012-12-11 12:04:12'),
(1039, '01297233388', 'thichdieulac@gmail.com', '2012-12-11 12:04:45'),
(1040, '01653535118', 'trongdeptrai_cuagai@yahoo.com', '2012-12-11 12:11:27'),
(1041, '0943220334', 'hphuong.kg99@gmail.com', '2012-12-11 12:15:16'),
(1042, '0985798919', 'yennhitruong55@gmail.com', '2012-12-11 12:27:14'),
(1043, '01676986830', 'vohienspkt@gmail.com', '2012-12-11 12:28:34'),
(1044, '0985883481', 'bietthutaodo_41176@yahoo.com.vn', '2012-12-11 12:29:28'),
(1045, '0912021444', 'matmotmi_1010@yahoo.com', '2012-12-11 12:29:51'),
(1046, '0908364087', 'gachip_11@yahoo.com', '2012-12-11 12:31:10'),
(1047, '0943416081', 'thien_vn89@yahoo.com.vn', '2012-12-11 12:31:19'),
(1048, '01993927593', 'bautroi_xanh686@yahoo.com', '2012-12-11 12:33:41'),
(1049, '01647557578', 'ice.snow.5593@gmail.com', '2012-12-11 12:37:10'),
(1050, '01993927593', 'bautroi_xanh686@yahoo.com', '2012-12-11 12:37:49'),
(1051, '01635899008', 'lyly.tran.9404@facebook.com', '2012-12-11 12:42:45'),
(1052, '0903411202', 'huyentrangbuipdu@gmail.com', '2012-12-11 12:44:09'),
(1053, '01677461410', 'keomut_codon27@yahoo.com.vn', '2012-12-11 12:47:16'),
(1054, '01677461410', 'keomut_codon27@yahoo.com.vn', '2012-12-11 12:47:21'),
(1055, '0909995765', 'ap211993@yahoo.com', '2012-12-11 12:48:30'),
(1056, '01698614582', 'thutinhyeu29@yahoo.com', '2012-12-11 12:55:02'),
(1057, '0978253104', 'juyliet_253@yahoo.com', '2012-12-11 13:04:26'),
(1058, '0916680693', 'nhoxngoxxit@gmail.com', '2012-12-11 13:05:55'),
(1059, '01692227221', 'danglongsh@gmail.com', '2012-12-11 13:28:15'),
(1060, '01692227221', 'danglongsh@gmail.com', '2012-12-11 13:28:15'),
(1061, '0975300344', 'trambich_dn88@yahoo.com.vn', '2012-12-11 13:36:20'),
(1062, '0969968251', 'sunnyhuynh90@gmail.com', '2012-12-11 13:37:17'),
(1063, '0942987714', 'truc.tranthanh1@gmail.com', '2012-12-11 13:39:48'),
(1064, 'tv.hoamaiok10@gmail.', '29111990', '2012-12-11 13:42:14'),
(1065, '0983413375', 'nuhoangsu_giabongdem_gl@yahoo.com', '2012-12-11 13:48:42'),
(1066, '01667806007', 'soc_iu_ruangokxit@zing.vn', '2012-12-11 13:55:37'),
(1067, '01655943234', 'conankia@yahoo.com.vn', '2012-12-11 14:10:43'),
(1068, '0909486731', 'cao.thuyhang149@yahoo.com', '2012-12-11 14:19:01'),
(1069, '0908264126', 'ngphthao86@yahoo.com', '2012-12-11 14:25:38'),
(1070, '0994278891', 'lollipop.sweet14@yahoo.com', '2012-12-11 14:27:29'),
(1071, '0938199834', 'gautruc251127@yahoo.com.vn', '2012-12-11 14:32:37'),
(1072, '01678778491', 'codaj_kut3@yahoo.com', '2012-12-11 14:45:02'),
(1073, '0988010263', 'quynhnhu6903@yahoo.com', '2012-12-11 14:45:21'),
(1074, '01672269313', 'dienvoth@gmail.com', '2012-12-11 14:46:56'),
(1075, '0934934182', 'cobe081991@yahoo.com', '2012-12-11 14:47:54'),
(1076, '01202455456', 'kul_ellove@yahoo.com.vn', '2012-12-11 14:48:28'),
(1077, '0912572349', 'conang_hotboy_92@yahoo.com', '2012-12-11 14:51:54'),
(1078, '01689223256', 'cobelolem_ktht@yahoo.com', '2012-12-11 15:08:20'),
(1079, '0972510001', 'htdkt12@gmail.com', '2012-12-11 15:09:52'),
(1080, '0978320924', 'i_me84@yahoo.com', '2012-12-11 15:10:10'),
(1081, '0972510001', 'htdkt12@gmail.com', '2012-12-11 15:11:09'),
(1082, '01284179976', 'huynhbaongoc63@gmail.com', '2012-12-11 15:11:38'),
(1083, '0948045679', 'thanhha8122@gmail.com', '2012-12-11 15:16:29'),
(1084, '01694071990', 'tranhuyhiepsxd@gmail.com', '2012-12-11 15:22:30'),
(1085, '01694289124', 'nhitran_baby@yahoo.com', '2012-12-11 15:28:06'),
(1086, '01699396934', 'nhungnguyen038@gmail.com', '2012-12-11 15:40:17'),
(1087, '01223554004', 'leinguyenpei@gmail.com', '2012-12-11 15:40:34'),
(1088, '01655936908', 'vyuyen3092@gmail.com', '2012-12-11 15:42:46'),
(1089, '01655936908', 'vyuyen3092@gmail.com', '2012-12-11 15:42:46'),
(1090, '0973579230', 'phuongthao490@gmail.com', '2012-12-11 15:42:52'),
(1091, '01665550856', 'thailan5511@yahoo.com', '2012-12-11 15:46:53'),
(1092, '01284044461', 'hddinhhuyen223@gmail.com', '2012-12-11 15:54:32'),
(1093, '01644658856', 'moonlight.anh@gmail.com', '2012-12-11 15:55:19'),
(1094, 'hang_chichbong@yahoo', 'hangquy', '2012-12-11 15:55:27'),
(1095, '01644658856', 'moonlight.anh@gmail.com', '2012-12-11 15:55:56'),
(1096, '01686989018', 'huavanthe1992@gmail.com', '2012-12-11 16:27:45'),
(1097, '0973861722', 'phuongthao.nguyen111990@gmail.com', '2012-12-11 16:28:18'),
(1098, '0986330433', 'lamlinh93@gmail.com', '2012-12-11 16:28:22'),
(1099, '0907199345', 'msnhan789@gmail.com', '2012-12-11 16:29:28'),
(1100, '0907199345', 'msnhan789@gmail.com', '2012-12-11 16:29:33'),
(1101, '01647273567', 'kandy_mjmj@yahoo.com', '2012-12-11 16:48:43'),
(1102, '01647273567', 'kandy_mjmj@yahoo.com', '2012-12-11 16:49:12'),
(1103, '0989878069', 'tramyngo.92@gmail.com', '2012-12-11 17:10:32'),
(1104, '0989878069', 'tramyngo.92@gmail.com', '2012-12-11 17:10:35'),
(1105, '0989878069', 'tramyngo.92@gmail.com', '2012-12-11 17:10:35'),
(1106, '0919778399', 'foreverflower166@gmail.com', '2012-12-11 17:10:51'),
(1107, '0986468075', 'monganhquayve_lc1991@yahoo.com', '2012-12-11 17:12:45'),
(1108, '0986468075', 'monganhquayve_lc1991@yahoo.com', '2012-12-11 17:13:41'),
(1109, '01683870548', 'mendaica@gmail.com', '2012-12-11 17:15:37'),
(1110, '0902341993', 'ngoccun2911@yahoo.com.vn', '2012-12-11 17:16:08'),
(1111, '0973642183', 'thanh_yen_thu.bg123@yahoo.com.vn', '2012-12-11 17:19:35'),
(1112, '0938516651', 'jolin.chan242@gmail.com', '2012-12-11 17:21:38'),
(1113, '01659030960', 'goigiacmove_08192@yahoo.com', '2012-12-11 17:25:43'),
(1114, '01649611066', 'leha271991@gmail.com', '2012-12-11 19:06:35'),
(1115, '0973656264', 'hoa_tigon_kool@yahoo.com.vn', '2012-12-11 19:18:34'),
(1116, '0966377650', 'ntl_291188@yahoo.com', '2012-12-11 20:31:59'),
(1117, '0966377650', 'ntl_291188@yahoo.com', '2012-12-11 21:03:52'),
(1118, '0938321251', 'nptram2512@gmail.com', '2012-12-11 23:31:12'),
(1119, '01675123755', 'cuongx10', '2012-12-12 00:36:42'),
(1120, '01699078785', 'thuynguyen210393@gmail.com', '2012-12-12 00:37:22'),
(1121, '01654647025', 'tieuthusanhdieu_kute_93@yahoo.com', '2012-12-12 00:54:35'),
(1122, '0916831266', 'hoathuytienht89@yahoo.com', '2012-12-12 00:56:29'),
(1123, '0933111894', 'mymemory_264@yahoo.com', '2012-12-12 01:22:35'),
(1124, '01696908258', 'muaxuansang92@gmail.com', '2012-12-12 01:30:35'),
(1125, '0979587041', 'phuonglamftu2@gmail.com', '2012-12-12 01:32:39'),
(1126, '0908427847', 'wiwy_ilot@yahoo.com.vn', '2012-12-12 01:48:07'),
(1127, '01655611077', 'thuhien2403@yahoo.com.vn', '2012-12-12 01:50:28'),
(1128, '0973362905', 'minhthu.dtm@gmail.com', '2012-12-12 01:51:20'),
(1129, 'rollyvu@gmail.com', '290193', '2012-12-12 01:52:50'),
(1130, 'hongtuyet.hn89@gmail', '22011989', '2012-12-12 01:53:41'),
(1131, '0915424459', 'minhnguyet2711@gmail.com', '2012-12-12 01:54:08'),
(1132, '0983825215', 'nguyenhanh6890@gmail.com', '2012-12-12 01:57:19'),
(1133, '0977711043', 'cobemat_motmi62@yahoo.com', '2012-12-12 02:19:59'),
(1134, '0932174237', 'trantieuphung1992@gmail.com', '2012-12-12 02:24:48'),
(1135, '0932174237', 'trantieuphung1992@gmail.com', '2012-12-12 02:24:54'),
(1136, '0932174237', 'trantieuphung1992@gmail.com', '2012-12-12 02:24:54'),
(1137, '0932174237', 'trantieuphung1992@gmail.com', '2012-12-12 02:24:54'),
(1138, '0973375304', 'hongtrangbuon17@yahoo.com', '2012-12-12 02:25:33'),
(1139, '01677417993', 'ly_nguyetcam@yahoo.com', '2012-12-12 02:25:48'),
(1140, '01685160823', 'hanhtaybiphanhthay_9x@yahoo.com', '2012-12-12 02:25:50'),
(1141, '01685160823', 'hanhtaybiphanhthay_9x@yahoo.com', '2012-12-12 02:25:50'),
(1142, '0938798657', 'ruatuctung@gmail.com', '2012-12-12 02:26:22'),
(1143, '0904988618', 'tangbangtroi_hn2004@yahoo.com', '2012-12-12 02:28:59'),
(1144, '0975110241', 'luna.9x@gmail.com', '2012-12-12 02:29:05'),
(1145, '0909485522', 'congchualolem16@yahoo.com', '2012-12-12 02:32:17'),
(1146, '0943456609', 'anhltl12a@uef.edu.vn', '2012-12-12 02:33:36'),
(1147, '0943456609', 'anhltl12a@uef.edu.vn', '2012-12-12 02:33:36'),
(1148, '0973183297', 'luongnt2012@gmail.com', '2012-12-12 02:39:21'),
(1149, '01657522448', 'aladanh_vachiec_xilanh_510@yahoo.com.vn', '2012-12-12 02:47:03'),
(1150, '01227964849', 'kateruan64@gmail.com', '2012-12-12 02:51:15'),
(1151, '0977979260', 'watermelon2805@yahoo.com', '2012-12-12 02:57:29'),
(1152, '01655330353', 'ngao.lady_93@yahoo.com.vn', '2012-12-12 02:58:35'),
(1153, '0975070258', 'leuynnhi29@yahoo.com', '2012-12-12 03:00:45'),
(1154, '01684362402', 'conangbuonhbinh_249@yahoo.com', '2012-12-12 03:03:21'),
(1155, '0987242599', 'best_friend_forever112000@yahoo.com', '2012-12-12 03:08:02'),
(1156, '01212406135', 'em_cafe_love@yahoo.com', '2012-12-12 03:13:07'),
(1157, '01678457678', 'huonghoa@gmail.com', '2012-12-12 03:16:51'),
(1158, '01678457678', 'huonghoa@gmail.com', '2012-12-12 03:16:51'),
(1159, '01678457678', 'huonghoa@gmail.com', '2012-12-12 03:16:51'),
(1160, '01678457678', 'huonghoa@gmail.com', '2012-12-12 03:16:51'),
(1161, '01678457678', 'huonghoa@gmail.com', '2012-12-12 03:16:51'),
(1162, '01678457678', 'huonghoa@gmail.com', '2012-12-12 03:16:51'),
(1163, '01678457678', 'huonghoa@gmail.com', '2012-12-12 03:16:51'),
(1164, '01678457678', 'huonghoa@gmail.com', '2012-12-12 03:16:51'),
(1165, '01678457678', 'huonghoa@gmail.com', '2012-12-12 03:16:51'),
(1166, '01678457678', 'huonghoa@gmail.com', '2012-12-12 03:16:52'),
(1167, '01669999703', 'ti.nguyen.k2sba@eiu.edu.vn', '2012-12-12 03:24:29'),
(1168, '01658856756', 'buihuynhngocduyen@yahoo.com', '2012-12-12 03:35:35'),
(1169, '01658856756', 'buihuynhngocduyen@yahoo.com', '2012-12-12 03:35:35'),
(1170, '01226863811', 'tieu_thu_bui92@yahoo.com', '2012-12-12 03:36:09'),
(1171, '01698512423', 'lhu09dh112hang@gmail.com', '2012-12-12 03:38:25'),
(1172, '01677999201', 'duongphamtheduy@yahoo.com.vn', '2012-12-12 03:38:44'),
(1173, '0903230520', 'lamsa0dehumdepgaj@yahoo.com', '2012-12-12 03:48:20'),
(1174, '0903230520', 'lamsa0dehumdepgaj@yahoo.com', '2012-12-12 03:48:20'),
(1175, '0903230520', 'lamsa0dehumdepgaj@yahoo.com', '2012-12-12 03:48:21'),
(1176, '0903230520', 'lamsa0dehumdepgaj@yahoo.com', '2012-12-12 03:48:21'),
(1177, '0903230520', 'lamsa0dehumdepgaj@yahoo.com', '2012-12-12 03:48:21'),
(1178, '0903230520', 'lamsa0dehumdepgaj@yahoo.com', '2012-12-12 03:48:21'),
(1179, '0908241974', 'pham_doanthao@yahoo.com', '2012-12-12 03:49:01'),
(1180, '0908241974', 'pham_doanthao@yahoo.com', '2012-12-12 03:49:02'),
(1181, '01226300789', 'silver_sun_04@yahoo.com', '2012-12-12 03:59:48'),
(1182, '0988664441', 'minhzut@yahoo.com.vn', '2012-12-12 04:03:13'),
(1183, '0988664441', 'minhzut@yahoo.com.vn', '2012-12-12 04:03:13'),
(1184, '0987115434', 'shirogane84@yahoo.com.vn', '2012-12-12 04:04:05'),
(1185, '01654047568', 'thanhhai151993@gmail.com', '2012-12-12 04:09:34'),
(1186, '01279209132', 'conang_lolem841@yahoo.com', '2012-12-12 04:11:45'),
(1187, '01279209132', 'conang_lolem841@yahoo.com', '2012-12-12 04:12:22'),
(1188, '01699993027', 'hang_as89@yahoo.com', '2012-12-12 04:15:25'),
(1189, '01699993027', 'hang_as89@yahoo.com', '2012-12-12 04:15:26'),
(1190, '0905250050', 'phuongloanvo125@gmail.com', '2012-12-12 04:16:23'),
(1191, '0987170330', 'HOATHUYTINH27292@GMAIL.COM', '2012-12-12 04:18:21'),
(1192, '01674203836', 'hongkute1325@gmail.com', '2012-12-12 04:22:27'),
(1193, '0963414893', 'b0o_be0_117@yahoo.com', '2012-12-12 04:23:37'),
(1194, '0933397120', 'hoa_anh_dao_214@yahoo.com.vn', '2012-12-12 04:29:11'),
(1195, '0974653257', 'camthach2706@gmail.com', '2012-12-12 04:31:22'),
(1196, '0904203369', 'kimxuyen511@gmail.com', '2012-12-12 04:31:44'),
(1197, '01656135933', 'try_dont_cry92@yahoo.com', '2012-12-12 04:34:25'),
(1198, '01656135933', 'try_dont_cry92@yahoo.com', '2012-12-12 04:34:26'),
(1199, '01649440410', 'NQNhuNgoc@gmail.com', '2012-12-12 04:34:58'),
(1200, '0927702754', 'dualeodieu@gmail.com', '2012-12-12 04:35:56'),
(1201, '01684826040', 'dangthi209@yahoo.com', '2012-12-12 04:37:27'),
(1202, '0934756399', 'mashimaro36911@yahoo.com.vn', '2012-12-12 04:39:05'),
(1203, '0974035336', 'yeuanh_1phut59giay_hn@yahoo.com', '2012-12-12 04:55:29'),
(1204, '0976893889', 'uocmophale@yahoo.com', '2012-12-12 04:58:48'),
(1205, '0983984776', 'binh.japanka2008@gmail.com', '2012-12-12 05:04:59'),
(1206, '01646483425', 'angle_yukikotomomi@yahoo.com', '2012-12-12 05:05:01'),
(1207, '01632883666', 'miji_bell@yahoo.com', '2012-12-12 05:07:30'),
(1208, '01668810020', 'pro_boy9x_mc@yahoo.com.vn', '2012-12-12 05:08:45'),
(1209, '01639223176', 'chau.phan.12720@facebook.com', '2012-12-12 05:09:43'),
(1210, '01277478143', 'donhuquynh110593@gmail.com', '2012-12-12 05:09:49'),
(1211, '01212325431', 'ladanong_khocthisao@yahoo.com.vn', '2012-12-12 05:12:31'),
(1212, '0938654929', 'mylinh.k28@gmail.com', '2012-12-12 05:17:54'),
(1213, '0908434502', 'onelove_forever2507@yahoo.com', '2012-12-12 05:23:34'),
(1214, '01699957486', 'hangkhoua@gmail.com', '2012-12-12 05:24:37'),
(1215, '0986250338', 'lainmy228@yahoo.com', '2012-12-12 05:27:11'),
(1216, '01247526526', 'le_namphuong_dn2000@yahoo.com', '2012-12-12 05:30:42'),
(1217, '0944869318', 'bupbebangbong1812@yahoo.com.vn', '2012-12-12 05:30:56'),
(1218, '0972778649', 'ngocanhylpt@gmail.com', '2012-12-12 05:31:52'),
(1219, '01247203231', 'ron.lam0410@gmail.com', '2012-12-12 05:33:40'),
(1220, '01678024771', 'congiovotinh.cntt@yahoo.com.vn', '2012-12-12 05:37:42'),
(1221, '01699886859', 'lananhhp_94@yahoo.com', '2012-12-12 05:40:49'),
(1222, '0919118332', 'quyennguyen017@yahoo.com.vn', '2012-12-12 05:40:57'),
(1223, '0918272687', 'nguyenhoaithuong1806@yahoo.com', '2012-12-12 05:41:45'),
(1224, '0989364671', 'huyen.venk@yahoo.com.vn', '2012-12-12 05:43:06'),
(1225, '01649701303', 'usagi5392@yahoo.com', '2012-12-12 05:56:57'),
(1226, '0979874193', 'minhthu.121189@gmail.com', '2012-12-12 05:59:17'),
(1227, '01698077517', 'c11k4_111503', '2012-12-12 06:01:30'),
(1228, '01649176524', 'nguyennga25893@gmail.com', '2012-12-12 06:05:22'),
(1229, '01679924252', 'ngoctruc_93@yahoo.com.vn', '2012-12-12 06:10:28'),
(1230, '0932802201', 'muzzy110909@yahoo.com', '2012-12-12 06:12:38'),
(1231, '0993772370', 'muzzy110909@hotmail.com', '2012-12-12 06:14:03'),
(1232, '01699404144', 'shushu_kute0510@yahoo.com', '2012-12-12 06:18:58'),
(1233, '01222214883', 'thuthuy1992mc@gmail.com', '2012-12-12 06:19:56'),
(1234, '0', 'nucuoithienthan_0102tp@yahoo.com', '2012-12-12 06:23:15'),
(1235, '0917632802', 'lethunga1801@gmail.com', '2012-12-12 06:27:18'),
(1236, '0935090962', 'yuri_fantacy@yahoo.com', '2012-12-12 06:27:19'),
(1237, '0914321418', 'lethuyduong206@gmail.com', '2012-12-12 06:27:56'),
(1238, '01692776384', 'trandung199121@gmail.com', '2012-12-12 06:28:11'),
(1239, '01664721135', 'cogaixauxi_8887@yahoo.com.vn', '2012-12-12 06:37:20'),
(1240, '01649233160', 'conmuamuaha_222@yahoo.com', '2012-12-12 06:37:28'),
(1241, '01649717774', 'pluto2510@yahoo.com', '2012-12-12 06:37:54'),
(1242, '01664721135', 'cogaixauxi_8887@yahoo.com.vn', '2012-12-12 06:38:49'),
(1243, '0982902600', 'ndkhoa150193@gmail.com', '2012-12-12 06:38:54'),
(1244, '0919556475', 'chapeiwp@gmail.com', '2012-12-12 08:01:37'),
(1245, '5', 'ho.thi.kim.loi@gmail.com', '2012-12-12 12:02:18'),
(1246, '01247828379', 'paprim.pa@gmail.com', '2012-12-12 12:04:04'),
(1247, '01695459254', 'tuyetminh7171@yahoo.com', '2012-12-12 12:04:19'),
(1248, '01695459254', 'tuyetminh7171@yahoo.com', '2012-12-12 12:04:20'),
(1249, '0943891243', 'pa_prim@yahoo.com', '2012-12-12 12:04:34'),
(1250, '01267813123', 'ngocchau1251990@yahoo.com', '2012-12-12 13:22:07'),
(1251, '0987240990', 'thuankiet2000@gmail.com', '2012-12-12 14:52:02'),
(1252, '01218844297', 'thuankiet2000@live.com', '2012-12-12 14:52:44'),
(1253, '0125350011', 'kiet.thai.thuan@gmail.com', '2012-12-12 14:54:22'),
(1254, '0996993999', 'thanh_v_d@yahoo.com', '2012-12-14 06:19:10'),
(1255, '0983813060', 'kngoc.tram@yahoo.com', '2012-12-14 16:03:40'),
(1256, '0985847192', 'mr.tuen@', '2012-12-14 16:03:50'),
(1257, '0985847192', 'mr.tuen@gmail.com', '2012-12-14 16:03:59'),
(1258, '0993096298', 'jakejake_vin@yahoo.com', '2012-12-14 16:04:27'),
(1259, '01659343000', 'thuan1304@gmail.com', '2012-12-14 16:05:44'),
(1260, '0975215128', 'haitramdatqua_thachetconhon@yahoo.com', '2012-12-14 16:06:00'),
(1261, '0932090347', 'bichtho2703@gmail.com', '2012-12-14 16:06:01'),
(1262, '0933205979', 'thaihoangtrucquynh@rocketmail.com', '2012-12-14 16:06:47'),
(1263, '01633828917', 'thaovysky@gmail.com', '2012-12-14 16:07:04'),
(1264, '01228603789', 'hoangkimngodang@gmail.com', '2012-12-14 16:07:11'),
(1265, '0972616121', 'hungnguyen1910@gmail.com', '2012-12-14 16:07:14'),
(1266, '0932357820', 'doremonhb90@yahoo.com', '2012-12-14 16:07:20'),
(1267, '01674500599', 'traitimmua_thu2001@yahoo.com', '2012-12-14 16:07:23'),
(1268, '0905388951', 'littlecandy1107@yahoo.com', '2012-12-14 16:08:01'),
(1269, '0982881004', 'hatiennguyen1107@gmail.com', '2012-12-14 16:08:32'),
(1270, '01292345198', 'webvnpec@yahoo.com', '2012-12-14 16:09:25'),
(1271, '0932345154', 'nomadicomet@yahoo.com', '2012-12-14 16:11:20'),
(1272, '0938693365', 'taphuongdung@yahoo.com', '2012-12-14 16:11:54'),
(1273, '0936755553', 'huy_bac_ty@yahoo.com.vn', '2012-12-14 16:13:18'),
(1274, '01688394181', 'ngohuonghy@gmail.com', '2012-12-14 16:15:41'),
(1275, '0978686104', 'tuancbco@gmail.com', '2012-12-14 16:16:07'),
(1276, '0947533513', 'phan_van_thanh_hoa@yahoo.com', '2012-12-14 16:17:42'),
(1277, '0907969005', 'Truongnhanhau2112@yahoo.com', '2012-12-14 16:18:03'),
(1278, '0933747999', 'nguyentuankietst@yahoo.com.vn', '2012-12-14 16:20:44'),
(1279, '01683642877', 'duccuongmta@gmail.com', '2012-12-14 16:21:57'),
(1280, '01683642877', 'duccuongmta@gmail.com', '2012-12-14 16:22:02'),
(1281, '01683642877', 'duccuongmta@gmail.com', '2012-12-14 16:22:04'),
(1282, '01683642877', 'duccuongmta@gmail.com', '2012-12-14 16:22:05'),
(1283, '01683642877', 'duccuongmta@gmail.com', '2012-12-14 16:22:05'),
(1284, '01683642877', 'duccuongmta@gmail.com', '2012-12-14 16:22:05'),
(1285, '01683642877', 'duccuongmta@gmail.com', '2012-12-14 16:22:05'),
(1286, '0987240678', 'danghonghue89@gmail.com', '2012-12-14 16:30:35'),
(1287, '0983102046', 'minhchuv@yahoo.com', '2012-12-14 16:35:59'),
(1288, '01678997337', 'hoangdangchicuong2012@gmail.com', '2012-12-14 16:36:37'),
(1289, '0986304368', 'danghoan646@ymail.com', '2012-12-14 16:36:53'),
(1290, '0909089029', 'pasinizl@gmail.com', '2012-12-14 16:36:59'),
(1291, '0905043289', 'hoanghoan81@gmail.com', '2012-12-14 16:37:03'),
(1292, '01682456097', 'huu_ly87@yahoo.com', '2012-12-14 16:40:43'),
(1293, '0996138885', 'lethanhloc8885@gmail.com', '2012-12-14 16:47:05'),
(1294, '0987240990', 'thuankiet2000@gmail,com', '2012-12-14 16:55:58'),
(1295, '01889958388', 'spp.sinhphuong@gmail.com', '2012-12-14 16:57:31'),
(1296, '0973520110', 'v2phu174@gmail.com', '2012-12-14 17:00:11'),
(1297, '01286655700', 'nhuquynh2204@yahoo.com.Vit Nam!', '2012-12-14 17:09:05'),
(1298, '01282866313', 'kimchingocdiep123@gmail.com', '2012-12-14 17:12:17'),
(1299, '01889222798', 'kien10101987@gmail.com', '2012-12-14 17:50:58'),
(1300, '01889958388', 'chinh731988@gmail.com', '2012-12-14 17:52:14'),
(1301, 'Meo_luv_95@yahoo.com', 'Ngocmai95', '2012-12-14 18:48:27'),
(1302, ' 0947676622', 'phuongchi_vissai@yahoo.com', '2012-12-14 22:22:05'),
(1303, ' 0947676622', 'phuongchi_vissai@yahoo.com', '2012-12-14 22:22:07'),
(1304, '0913638317', 'hanh762008@yahoo.com.vn', '2012-12-14 23:21:27'),
(1305, '0919832393', 'mydungtocquan@yahoo.com.vn', '2012-12-14 23:22:54'),
(1306, '0904151766', 'Ruaconree@yahoo.com', '2012-12-15 00:15:17'),
(1307, '0985336667', 'ngadk85vn@gmail.com', '2012-12-15 00:34:51'),
(1308, '0963101185', 'haicaominh85@gmail.com', '2012-12-15 00:44:33'),
(1309, '01694404808', 'phuongthien63@gmail.com', '2012-12-15 00:44:47'),
(1310, '01264030409', 'maisp1014@gmail.com', '2012-12-15 00:59:37'),
(1311, '01284412327', 'wcx004@zing.vn', '2012-12-15 01:00:59'),
(1312, '0989480254', 'hoahongnhung_1462010@yahoo.com', '2012-12-15 01:06:14'),
(1313, '0973356568', 'nguyenthuydd0107@gmail.com', '2012-12-15 01:18:46'),
(1314, '0983569739', 'tm91280@yahoo.com', '2012-12-15 01:36:49'),
(1315, '01227933031', 'lqhien1989hcm@zing.vn', '2012-12-15 01:59:59'),
(1316, '01684787769', 'kanghy_07@yahoo.com', '2012-12-15 02:01:10'),
(1317, '01684787769', 'kanghy_07@yahoo.com', '2012-12-15 02:01:12'),
(1318, '0949841984', 'linhtinhthuytinh@yahoo.com', '2012-12-15 02:04:57'),
(1319, '0989995250', 'tranbichngoc0604@yahoo.com', '2012-12-15 02:05:07'),
(1320, '0977415512', 'baokim166@yahoo.com.vn', '2012-12-15 02:56:30'),
(1321, '01687810066', 'caibang_thoihiendai166@yahoo.com', '2012-12-15 03:10:55'),
(1322, '0914423108', 'kimthoa_tqt@yahoo.com.vn', '2012-12-15 03:39:53'),
(1323, '0906552422', 'kimthanh_tqt@yahoo.com.vn', '2012-12-15 03:41:17'),
(1324, '0974842456', 'leanhtung2305@gmail.com', '2012-12-15 04:05:19'),
(1325, '0977456466', 'vansusu89@gmail.com', '2012-12-15 04:05:43'),
(1326, '01689492125', 'muasaobang_hvtc_bn@yahoo.com', '2012-12-15 06:08:11'),
(1327, '01232624943', 'emily2401@yahoo.com', '2012-12-15 06:47:12'),
(1328, '0976161615', 'minhphuc_2911@yahoo.com', '2012-12-15 08:49:11'),
(1329, '0904558876', 'gau_bongnho192@yahoo.com', '2012-12-15 12:31:43'),
(1330, '0904558876', 'thanhtung_76@yahoo.com', '2012-12-15 12:32:34'),
(1331, '0986767231', 'ngocphuong250985@yahoo.com', '2012-12-15 14:30:08'),
(1332, '0986234267', 'hohoanghai2211@yahoo.com.vn', '2012-12-15 14:30:38'),
(1333, '01669987586', 'cobedoihon85p@yahoo.com', '2012-12-15 14:31:01'),
(1334, '0933511032', 'wcx003@zing.vn', '2012-12-15 14:47:10'),
(1335, '0977010272', 'linhanhvissai@gmail.com', '2012-12-15 15:49:12'),
(1336, '0916311622', 'yenlinhnb2007@gmail.com', '2012-12-15 15:50:39'),
(1337, '0989749247', 'haidang2122009@gmail.com', '2012-12-15 15:51:22'),
(1338, '0986835933', 'vanngo1310@gmail.com', '2012-12-15 16:33:57'),
(1339, '0932918297', 'thuankiet2000@live.com', '2012-12-16 02:14:32'),
(1340, '0989828618', 'huynhhuuuloc@gmail.com', '2012-12-16 05:11:26'),
(1341, '01212578431', 'wcx005@zing.vn', '2012-12-17 00:59:54'),
(1342, '0973958386', 'lyuyenvp90@gmail.com', '2012-12-18 02:00:43'),
(1343, '0985202204', 'nqt204@gmail.com', '2012-12-18 04:47:34'),
(1344, '0985202205', 'vanhongle83@gmail.com', '2012-12-18 04:47:59'),
(1345, '0948290684', 'nmt488@gmail.com', '2012-12-18 04:48:25'),
(1346, '0975750706', 'trungechip@yahoo.com.vn', '2012-12-18 06:11:10'),
(1347, '0973020057', 'xuyenchi45@gmail.com', '2012-12-18 06:11:22'),
(1348, '0966923706', 'camechip@yahoo.com.vn', '2012-12-18 06:11:29'),
(1349, '0988966677', 'nguyen4503@gmail.com', '2012-12-18 09:27:35'),
(1350, '0937040987', 'ltthuong@hoamattroi.com', '2012-12-19 06:07:52'),
(1351, '01254560684', 'caspi34_annguyen@yahoo.com.vn', '2012-12-19 14:27:42'),
(1352, '0905147789', 'ngochoa@gmail.com', '2012-12-23 06:48:11'),
(1353, '0907405293', 'ngochoa91k@yahoo.com', '2012-12-23 06:48:26'),
(1354, '0905970845', 'lephuonghuynguyen@yahoo.com.vn', '2012-12-23 06:48:45'),
(1355, '01687926527', 'nghia12071980@yahoo.com.vn', '2012-12-23 06:49:04'),
(1356, '01212263561', 'keyhinge-pr@vnn.vn', '2012-12-23 06:49:14'),
(1357, '0914423108', 'kimthoa_tqt@yahoo.com.vn', '2012-12-24 04:24:45'),
(1358, '01664766314', 'chiriku_katory@yahoo.com', '2012-12-30 14:56:23'),
(1359, '01225552595', 'kahoangba@gmail.com', '2013-01-02 18:22:00'),
(1360, '01225552595', 'kahoangba@gmail.com', '2013-01-02 18:22:20'),
(1361, '0398590345', 'ekfkd@gkgjk.com', '2013-01-04 07:07:10'),
(1362, '0907963525', 'yuri@yahoo.com', '2013-01-04 09:38:53');

-- --------------------------------------------------------

--
-- Table structure for table `quote_master`
--

CREATE TABLE IF NOT EXISTS `quote_master` (
  `id_quote_master` int(11) NOT NULL auto_increment,
  `id_topic_master` int(11) NOT NULL,
  `quote_content` varchar(200) character set utf8 collate utf8_unicode_ci NOT NULL,
  PRIMARY KEY  (`id_quote_master`)
) ENGINE=InnoDB  DEFAULT CHARSET=utf8 AUTO_INCREMENT=88 ;

--
-- Dumping data for table `quote_master`
--

INSERT INTO `quote_master` (`id_quote_master`, `id_topic_master`, `quote_content`) VALUES
(1, 1, ' Hoa o n, chim n v, ma xun li n. Chc nghn s nh , vn s nh m, triu s bt ng, t ln hnh phc\n'),
(2, 1, 'Tt Tt Tt Tt n ri<br />Tt n trong tim mi ngi!\n'),
(3, 1, 'Cung chc tn nin, sc kho v bin, thnh cng lin min, hnh phc trin min, ti lun y tin, sung sng nh tin\n'),
(4, 1, 'Xun ny hn hn my xun qua\nPhc lc a nhau n mi nh\nVi li cung chc tn nin mi\nVn s an khang vn s lnh\n'),
(5, 1, 'CHC xun bao chuyn tt lnh\nMNG ma n ling trn cnh hoa mai\n'),
(6, 1, 'Nm mi chc nhau sc khe nhiu. Bc tin rng rnh thoi mi tiu. Gia nh hnh phc b bn qu. Thanh thn vui chi mi bui chiu.\n'),
(11, 2, 'ong cho y hnh phc - Gi cho trn lc ti - Gi cho mi an khang - Tht cho cht ph qu\n\n'),
(12, 2, 'Mng 2013 pht ti pht lc- Tin v xng xc, tin ra t t - Sc kho c d, cng danh tn ti\n'),
(13, 2, 'Mng ngy Tt ta chc cho nhau\nMt nm thm sung tc an vui\nNgi nng dn thm la thc\nNgi thng gia mau pht ti\n'),
(14, 2, 'Chc nm mi: 1 v, 2 con, nh 3 tng, xe 4 ch \n'),
(15, 2, 'S nghip tin ln - Gp nhiu iu hn- Chc mng nm mi!\n'),
(16, 2, 'Tt ti tn tiXun sang c lc'),
(17, 2, 'Ti tr ct tng v c hnh. Kinh doanh pht lc pht ti nhanh\n'),
(21, 3, 'Nm mi Tt n. Rc hn vo nh. Qu cp bao la. Mi nh no . Vng bc y h. Gia ch pht ti\n'),
(22, 3, 'Chc c gia nh bn vn s nh , T s nh m, Triu triu bt ng, Khng ch cng n!\n'),
(23, 3, 'Chc mng nm mi - Vn s nh   Sinh l di do  Vng vo c k  Tin ra ti t  Tht l ht \n'),
(24, 3, 'Nm mi chc nhau sc khe nhiu. Bc tin rng rnh thoi mi tiu. Gia nh hnh phc b bn qu. Thanh thn vui chi mi bui chiu.\n'),
(25, 3, 'Phc th v bin. Lc ti v tn. \n'),
(29, 4, 'a ti a lc a ph qu. c thi c li c nhn tm\n'),
(30, 4, 'Xun o bnh an ti li tin. Mai khai ph qu lc quyn lai\n'),
(31, 4, 'Cung chc an khang ton gia thnh. Vn k nin xun  ct tng\n'),
(32, 4, 'Xun a kit khnh. H bo bnh an. Thu tn vinh hoa. ng nghinh b phc\n'),
(33, 4, 'Xun o hoa khai, ti nh . H lai thnh vng,phc mn ng. Thu kh bnh an, lc c ch. ng hi t qu, th an khng.\n'),
(34, 4, 'Tn nin tn phc tn ph qu. Tn ti tn lc tn bnh an\n'),
(35, 4, 'Phc mn ng nin tng ph qu. c lu quang nht tin vinh hoa\n'),
(36, 4, 'Chn tm ti tt o. Hu c phc t lai\n'),
(51, 5, 'Tt ny l tt tnh nhn Chc cho i la thnh thn trn i Xun ny xin c i li Chc cho mi gii rng ngi nim vui.'),
(52, 5, 'Ka ma xun ngn tia nng m Cho la i yu di lu sut i Mun hoa ti thm, n cha xun v khp ni ( Tnh em ma xun)'),
(53, 5, 'Phi chng mm non ma xun ang h n Phi chng n hoa ma xun ang h n Phi chng ngy xun u tin ang g ca (Lng nghe ma xun v)'),
(54, 5, 'Tng chi non xanh mn man Tng ht ma long lanh ri, ma xun... (Th thm ma xun)'),
(55, 5, 'Xun mang nim tin ti Bao la ngun yu mi, nh hoa mai n phi phi... (Cu chuyn u nm)'),
(56, 5, 'D anh ni thng em qu D anh ni yu em hoi Mong cho i ta p mi duyn tnh u nm  (Tnh duyn u nm)'),
(57, 5, 'Chc nm mi yu nhau nhiu hn Chc nm mi tng lai rng ngi Cho duyn tnh la i p ma Xun mi  (Tnh duyn u nm)'),
(58, 5, 'Nm mi, em ch chc anh c nhiu sc khe thi. Cn v hnh phc v nim vui, em mong rng chnh mnh s l ngi mang nhng iu  n vi anh. Yu anh nhiu!'),
(59, 1, '2013 - Do what makes you Happy. Be with who make you smile. Laugh as much as you breathe. Love as long as you live'),
(60, 1, 'Happy new year. May we all have a vision now and then of a world where every neighbour is a friend (happy new year - ABBA)'),
(61, 1, 'Be happy and forget fear- Because its happy new year!'),
(62, 1, 'May 2013 bring lots of happyness and prosperity for you!'),
(63, 2, 'Success is getting what you want, happiness is wanting what you get. Happy new year!'),
(64, 2, 'It''s not about having the skill to do something. It''s about having the will, desire & commitment to be your best - Happy new year!'),
(65, 2, 'Learn from yesterday. Live for today. Success for tomorrow and happy new year now!'),
(66, 2, 'I wish you success in all the opportunities that come your way this year. Happy new year!'),
(67, 2, 'Success is liking yourself,liking what you do and liking how you do it. Happy new year!'),
(68, 3, 'Learn from yesterday. Live for today. Hope for tomorrow and happy new year now!'),
(69, 3, 'Take every chance. Drop every fear and say : Happy new year!'),
(70, 3, 'Life may not be the party we hoped for, but while we are here we might as well dance'),
(71, 3, 'When life gives you a hundred reasons to cry, show life you have a thousand reasons to smile. Wish you the best new year'),
(72, 3, 'Doubt your doubts and have confidence in you confidence'),
(73, 4, 'I wish you success in all the opportunities that come your way this year. Happy new year!'),
(74, 4, 'May 2013 bring lots of happyness and prosperity for you!'),
(75, 6, 'If nothing lasts forever, please be my nothing'),
(76, 6, 'Have somewhere to go is Home. Having someone to love is Family. Having both is a Blessing'),
(77, 6, 'My love for you is a journey, starting at forever, and ending at never'),
(78, 6, 'I love you yesterday. I love you still. I always have. I always will'),
(79, 6, 'You''re somebody''s reason to smile'),
(80, 6, 'What we love determines what we seek. What we seek determines what we think & do. What we think & do determines what we become.'),
(81, 6, 'Love doesn''t make the world go round. Love is what makes the ride worthwhile'),
(82, 6, 'Love is a many splendored thing. Love lifts us up where we belong'),
(83, 6, 'Breathe it all in. Love it all out.'),
(84, 6, 'To the world you may be just one person, but to me you are the world. '),
(85, 6, 'I''m not perfect but I swear I''m perfect for you. '),
(86, 6, 'What I''m most thankful for this year was meeting you. '),
(87, 6, 'God has sent you just for me, to make my world complete.');

-- --------------------------------------------------------

--
-- Table structure for table `template_master`
--

CREATE TABLE IF NOT EXISTS `template_master` (
  `id_template_master` int(11) NOT NULL auto_increment,
  `template_name` varchar(45) NOT NULL,
  PRIMARY KEY  (`id_template_master`)
) ENGINE=InnoDB  DEFAULT CHARSET=latin1 AUTO_INCREMENT=7 ;

--
-- Dumping data for table `template_master`
--

INSERT INTO `template_master` (`id_template_master`, `template_name`) VALUES
(1, 'template1'),
(2, 'template2'),
(3, 'template3'),
(4, 'template4'),
(5, 'template5'),
(6, 'template6');

-- --------------------------------------------------------

--
-- Table structure for table `topic_master`
--

CREATE TABLE IF NOT EXISTS `topic_master` (
  `id_topic_master` int(11) NOT NULL auto_increment,
  `topic_name` varchar(45) character set latin1 NOT NULL,
  `topic_description` varchar(200) collate utf8_unicode_ci default NULL,
  PRIMARY KEY  (`id_topic_master`)
) ENGINE=InnoDB  DEFAULT CHARSET=utf8 COLLATE=utf8_unicode_ci AUTO_INCREMENT=7 ;

--
-- Dumping data for table `topic_master`
--

INSERT INTO `topic_master` (`id_topic_master`, `topic_name`, `topic_description`) VALUES
(1, 'camhung', 'Tt hnh phc\n'),
(2, 'dongluc', 'Tt thnh cng\n'),
(3, 'family', 'Tt vn li chc\n'),
(4, 'xmas', 'Tt may mn ti lc\n'),
(5, 'france', 'Tt i la\n'),
(6, 'love', 'Valentine\n');

-- --------------------------------------------------------

--
-- Table structure for table `user_info`
--

CREATE TABLE IF NOT EXISTS `user_info` (
  `user_info_id` int(11) NOT NULL auto_increment,
  `template_id` int(11) NOT NULL default '1',
  `topic_id` int(11) NOT NULL default '1',
  `image_1_id` int(11) default NULL,
  `image_2_id` int(11) default NULL,
  `text_1` varchar(600) default NULL,
  `text_2` varchar(600) default NULL,
  `from` varchar(200) default NULL,
  `to` varchar(200) default NULL,
  `from_name` varchar(100) NOT NULL,
  `from_add` varchar(200) default NULL,
  `from_tel` varchar(20) NOT NULL,
  `from_mail` varchar(200) NOT NULL,
  `to_name` varchar(100) NOT NULL,
  `to_add` varchar(200) default NULL,
  `to_tel` varchar(20) default NULL,
  `to_mail` varchar(200) default NULL,
  `addtime` datetime default NULL,
  `updttime` datetime default NULL,
  `order_id` varchar(50) NOT NULL,
  PRIMARY KEY  (`user_info_id`)
) ENGINE=InnoDB  DEFAULT CHARSET=utf8 AUTO_INCREMENT=116 ;

--
-- Dumping data for table `user_info`
--

INSERT INTO `user_info` (`user_info_id`, `template_id`, `topic_id`, `image_1_id`, `image_2_id`, `text_1`, `text_2`, `from`, `to`, `from_name`, `from_add`, `from_tel`, `from_mail`, `to_name`, `to_add`, `to_tel`, `to_mail`, `addtime`, `updttime`, `order_id`) VALUES
(1, 1, 1, 4003, 0, 'Ging Sinh  n vi tht nhiu tnh yu, nim vui v hnh phc.', '', '', '', 'abc', 'def', '012', 'padaa', 'abc', 'def', '012', 'padaa', '2012-12-12 13:31:50', '2012-12-12 13:31:50', ''),
(2, 4, 6, 5003, 6003, 'ljfajdaaaaalf arua ld lald d ladk kdalkdalk lakfja lajd lfja', '', '', '', 'aaa', 'b bbb', 'cccc', 'ccccc', 'aaa', 'b bbb', 'cccc', 'ccccc', '2012-12-12 13:37:42', '2012-12-12 13:37:42', ''),
(3, 1, 1, 1006, 0, '', '', '', '', '', '', '', '', '', '', '', '', '2012-12-13 00:32:08', '2012-12-13 00:32:08', ''),
(4, 2, 4, 4002, 0, 'Ging Sinh  n vi tht nhiu tnh yu, nim vui v hnh phc.', '', '', '', '', '', '', '', '', '', '', '', '2013-01-05 13:17:18', '2013-01-05 13:17:18', ''),
(5, 1, 6, 6002, 0, '', '', '', '', '', '', '', '', '', '', '', '', '2013-01-05 13:23:31', '2013-01-05 13:23:31', ''),
(6, 4, 4, 4006, 4002, 'a ti a lc a ph qu. c thi c li c nhn tm', '', '', '', '', '', '', '', '', '', '', '', '2013-01-06 00:28:31', '2013-01-06 00:28:31', ''),
(7, 3, 4, 4003, 0, 'Cung chc an khang ton gia thnh. Vn k nin xun  ct t', 'Cung chc an khang ton gia thnh. Vn k nin xun  ct t', '', '', '', '', '', '', '', '', '', '', '2013-01-06 00:47:06', '2013-01-06 00:47:06', ''),
(8, 4, 6, 6001, 0, 'Anh khng hon ho, nhng anh ha s hon ho i vi em.', '', '', '', 'vyvy', 'aljlajflajflajflajlfja\\''sldfjalafljalfjalfjaljfaljflajlajfljlajfl', 'aljflajflajflajflajl', 'lafjaljflajflajflajflajflajljfljljljflajdflajflajflajflajflajfaljflaalfjaljflajflajflajflajaljfae', 'vyvy', 'aljlajflajflajflajlfja\\''sldfjalafljalfjalfjaljfaljflajlajfljlajfl', 'aljflajflajflajflajl', 'lafjaljflajflajflajflajflajljfljljljflajdflajflajflajflajflajfaljflaalfjaljflajflajflajflajaljfae', '2013-01-06 11:37:17', '2013-01-06 11:37:17', ''),
(9, 4, 6, 6001, 0, 'Anh khng hon ho, nhng anh ha s hon ho i vi em.', '', '', '', 'vyvy', 'aljlajflajflajflajlfja\\''sldfjalafljalfjalfjaljfaljflajlajfljlajfl', 'aljflajflajflajflajl', 'lafjaljflajflajflajflajflajljfljljljflajdflajflajflajflajflajfaljflaalfjaljflajflajflajflajaljfae', 'vyvy', 'aljlajflajflajflajlfja\\''sldfjalafljalfjalfjaljfaljflajlajfljlajfl', 'aljflajflajflajflajl', 'lafjaljflajflajflajflajflajljfljljljflajdflajflajflajflajflajfaljflaalfjaljflajflajflajflajaljfae', '2013-01-06 11:38:52', '2013-01-06 11:38:52', ''),
(10, 4, 6, 6006, 6002, 'Anh khng hon ho, nhng anh ha s hon ho i vi em.', '', '', '', 'vyvy', 'aljlajflajflajflajlfja\\''sldfjalafljalfjalfjaljfaljflajlajfljlajfl', 'aljflajflajflajflajl', 'lafjaljflajflajflajflajflajljfljljljflajdflajflajflajflajflajfaljflaalfjaljflajflajflajflajaljfae', 'vyvy', 'aljlajflajflajflajlfja\\''sldfjalafljalfjalfjaljfaljflajlajfljlajfl', 'aljflajflajflajflajl', 'lafjaljflajflajflajflajflajljfljljljflajdflajflajflajflajflajfaljflaalfjaljflajflajflajflajaljfae', '2013-01-06 12:14:47', '2013-01-06 12:14:47', ''),
(11, 3, 4, 4003, 0, 'Cung chc an khang ton gia thnh. Vn k nin xun  ct tng\n', 'Xun o bnh an ti li tin. Mai khai ph qu lc quyn lai\n', '', '', '', '', '', '', '', '', '', '', '2013-01-06 12:17:11', '2013-01-06 12:17:11', ''),
(12, 3, 4, 4003, 0, 'a ti a lc a ph qu. c thi c li c nhn tm\n', 'Cung chc an khang ton gia thnh. Vn k nin xun  ct tng\n', '', '', 'dsf', 'fdssdf', 'sdfsdf', 'sdfsdf', 'sdfsdf', 'sdf', 'sdfsdf', 'sdfsdf', '2013-01-06 12:35:53', '2013-01-06 12:35:53', ''),
(13, 2, 4, 4003, 0, 'a ti a lc a ph qu. c thi c li c nhn tm\n', 'Cung chc an khang ton gia thnh. Vn k nin xun  ct tng\n', '', '', 'dsf', 'fdssdf', 'sdfsdf', 'sdfsdf', 'sdfsdf', 'sdf', 'sdfsdf', 'sdfsdf', '2013-01-06 12:38:06', '2013-01-06 12:38:06', ''),
(14, 1, 4, 4003, 0, 'Xun o bnh an ti li tin. Mai khai ph qu lc quyn lai\n', '', '', '', '', '', '', '', '', '', '', '', '2013-01-06 12:50:54', '2013-01-06 12:50:54', ''),
(15, 1, 4, 4003, 0, 'Xun o bnh an ti li tin. Mai khai ph qu lc quyn lai\n', '', '', '', '', '', '', '', '', '', '', '', '2013-01-06 12:52:15', '2013-01-06 12:52:15', ''),
(16, 2, 4, 4003, 0, 'a ti a lc a ph qu. c thi c li c nhn tm\n', '', '', '', '', '', '', '', '', '', '', '', '2013-01-06 14:26:44', '2013-01-06 14:26:44', ''),
(17, 1, 3, 3003, 0, 'Xun o bnh an ti li tin.<div>&nbsp;Mai khai ph qu lc quyn lai\n</div>', '', '', '', '', '', '', '', '', '', '', '', '2013-01-06 16:06:23', '2013-01-06 16:06:23', ''),
(18, 1, 6, 6001, 0, 'What I\\''m most thankful for this year was meeting you. ', '', '', '', '', '', '', '', '', '', '', '', '2013-01-06 16:44:19', '2013-01-06 16:44:19', ''),
(19, 1, 4, 1001, 0, ' Hoa o n, chim n v, ma xun li n. Chc nghn s nh , vn s nh m, triu s bt ng, t ln hnh phc\n', '', '', '', '', '', '', '', '', '', '', '', '2013-01-06 19:17:22', '2013-01-06 19:17:22', ''),
(20, 1, 4, 1003, 0, '', '', '', '', '', '', '', '', '', '', '', '', '2013-01-07 09:44:05', '2013-01-07 09:44:05', ''),
(21, 3, 4, 1006, 0, '\n											<span> Hoa o n, chim n v, ma xun li n. Chc nghn s nh , vn s nh m, triu s bt ng, t ln hnh phc\n</span>\n										', '\n											<span>Cung chc tn nin, sc kho v bin, thnh cng lin min, hnh phc trin min, ti lun y tin, sung sng nh tin\n</span>\n										', '', '', '', '', '', '', '', '', '', '', '2013-01-07 10:07:52', '2013-01-07 10:07:52', ''),
(22, 3, 4, 1003, 0, '\n											<span>Cung chc tn nin, sc kho v bin, thnh cng lin min, hnh phc trin min, ti lun y tin, sung sng nh tin\n</span>\n										', '\n											<span>Cung chc tn nin, sc kho v bin, thnh cng lin min, hnh phc trin min, ti lun y tin, sung sng nh tin\n</span>\n										', '', '', '', '', '', '', '', '', '', '', '2013-01-07 12:16:54', '2013-01-07 12:16:54', ''),
(23, 3, 4, 1006, 0, '\n											<span> Hoa o n, chim n v, ma xun li n. Chc nghn s nh , vn s nh m, triu s bt ng, t ln hnh phc\n</span>\n										', '\n											<span>Cung chc tn nin, sc kho v bin, thnh cng lin min, hnh phc trin min, ti lun y tin, sung sng nh tin\n</span>\n										', '', '', '', '', '', '', '', '', '', '', '2013-01-07 12:24:25', '2013-01-07 12:24:25', ''),
(24, 2, 4, 1006, 0, '\n											<span>Cung chc tn nin, sc kho v bin, thnh cng lin min, hnh phc trin min, ti lun y tin, sung sng nh tin\n</span>\n										', '', '', '', '', '', '', '', '', '', '', '', '2013-01-07 12:30:31', '2013-01-07 12:30:31', ''),
(25, 3, 4, 1003, 0, '\n											<span> Hoa o n, chim n v, ma xun li n. Chc nghn s nh , vn s nh m, triu s bt ng, t ln hnh phc\n</span>\n										', '', '', '', '', '', '', '', '', '', '', '', '2013-01-07 12:30:58', '2013-01-07 12:30:58', ''),
(26, 2, 4, 1006, 0, '\n											<span> Hoa o n, chim n v, ma xun li n. Chc nghn s nh , vn s nh m, triu s bt ng, t ln hnh phc\n</span>\n										', '', '', '', '', '', '', '', '', '', '', '', '2013-01-07 12:40:50', '2013-01-07 12:40:50', ''),
(27, 3, 4, 1003, 0, 'Hoa o n, chim n v, ma xun li n. Chc nghn s nh ', 'Cung chc tn nin, sc kho v bin, thnh cng lin min, ', '', '', '', '', '', '', '', '', '', '', '2013-01-07 12:42:33', '2013-01-07 12:42:33', ''),
(28, 2, 4, 1006, 0, '\n											<span> Hoa o n, chim n v, ma xun li n. Chc nghn s nh , vn s nh m, triu s bt ng, t ln hnh phc\n</span>\n										', '', '', '', '', '', '', '', '', '', '', '', '2013-01-07 12:43:32', '2013-01-07 12:43:32', ''),
(29, 2, 4, 1006, 0, '\n											<span> Hoa o n, chim n v, ma xun li n. Chc nghn s nh , vn s nh m, triu s bt ng, t ln hnh phc\n</span>\n										', '', '', '', '', '', '', '', '', '', '', '', '2013-01-07 12:48:58', '2013-01-07 12:48:58', ''),
(30, 2, 4, 1003, 0, '\n											<span> Hoa o n, chim n v, ma xun li n. Chc nghn s nh , vn s nh m, triu s bt ng, t ln hnh phc\n</span>\n										', '', '', '', '', '', '', '', '', '', '', '', '2013-01-07 12:49:40', '2013-01-07 12:49:40', ''),
(31, 2, 4, 1003, 0, '\n											<span> Hoa o n, chim n v, ma xun li n. Chc nghn s nh , vn s nh m, triu s bt ng, t ln hnh phc\n</span>\n										', '', '', '', '', '', '', '', '', '', '', '', '2013-01-07 12:51:36', '2013-01-07 12:51:36', ''),
(32, 3, 4, 1006, 0, 'Hoa o n, chim n v, ma xun li n. Chc nghn s nh ', 'Cung chc tn nin, sc kho v bin, thnh cng lin min, ', '', '', '', '', '', '', '', '', '', '', '2013-01-07 15:56:20', '2013-01-07 15:56:20', ''),
(33, 3, 4, 1003, 0, 'Hoa o n, chim n v, ma xun li n. Chc nghn s nh ', 'Cung chc tn nin, sc kho v bin, thnh cng lin min, ', '', '', '', '', '', '', '', '', '', '', '2013-01-07 16:03:04', '2013-01-07 16:03:04', ''),
(34, 3, 4, 1003, 0, 'Hoa o n, chim n v, ma xun li n. Chc nghn s nh ', 'Hoa o n, chim n v, ma xun li n. Chc nghn s nh ', '', '', '', '', '', '', '', '', '', '', '2013-01-07 16:05:05', '2013-01-07 16:05:05', ''),
(35, 6, 4, 1002, 0, '', '', '', '', 'a', '', '', '', 'a', '', '', '', '2013-01-07 16:43:04', '2013-01-07 16:43:04', ''),
(36, 2, 4, 1002, 0, '\n											<span> Hoa o n, chim n v, ma xun li n. Chc nghn s nh , vn s nh m, triu s bt ng, t ln hnh phc\n</span>\n										', '', '', '', '', '', '', '', '', '', '', '', '2013-01-07 16:46:22', '2013-01-07 16:46:22', ''),
(37, 3, 4, 1006, 0, 'Hoa o n, chim n v, ma xun li n. Chc nghn s nh ', '', '', '', '', '', '', '', '', '', '', '', '2013-01-07 20:16:33', '2013-01-07 20:16:33', ''),
(38, 3, 4, 1003, 0, 'Hoa o n, chim n v, ma xun li n. Chc nghn s nh ', '', '', '', '', '', '', '', '', '', '', '', '2013-01-07 23:17:33', '2013-01-07 23:17:33', ''),
(39, 3, 6, 6005, 0, '<span>My love for you is a journey, starting at forever, and ending at never</span>', '<span>What we love determines what we seek. What we seek determines what we think &amp; do.&nbsp;</span><div><span>What we think &amp; do determines what we become.</span></div>', '', '', 'VyVy', '343/18 s vn hnh', '0937116186', 'pikqilee@gmail.com', 'VyVy', '343/18 s vn hnh', '0937116186', 'pikqilee@gmail.com', '2013-01-08 01:08:15', '2013-01-08 01:08:15', ''),
(40, 3, 4, 1002, 0, '\n											<span> Hoa o n, chim n v, ma xun li n. Chc nghn s nh , vn s nh m, triu s bt ng, t ln hnh phc\n</span>\n										', '', '', '', 'VyVy', '343/18 su van hanh', '0937116186', 'pikqilee@gmail.com', 'VyVy', '343/18 su van hanh', '0937116186', 'pikqilee@gmail.com', '2013-01-08 01:14:13', '2013-01-08 01:14:13', ''),
(41, 3, 4, 1003, 0, '\n											<span> Hoa o n, chim n v, ma xun li n. Chc nghn s nh , vn s nh m, triu s bt ng, t ln hnh phc\n</span>\n										', '', '', '', '', '', '', '', '', '', '', '', '2013-01-08 01:19:38', '2013-01-08 01:19:38', ''),
(42, 3, 6, 6005, 0, '<span>Have somewhere to go is Home. Having someone to love is Family.&nbsp;</span><div><span>Having both is a Blessing</span></div>', '<span>My love for you is a journey, starting at forever, and ending at never</span>', '', '', 'VyVy', '343/18 s vn hnh', '0937116186', 'pikqilee@gmail.com', 'VyVy', '343/18 s vn hnh', '0937116186', 'pikqilee@gmail.com', '2013-01-08 01:25:23', '2013-01-08 01:25:23', ''),
(43, 3, 6, 3005, 0, '<span>Have somewhere to go is Home.&nbsp;</span><div><span>Having someone to love is Family.&nbsp;</span></div><div><span>Having both is a Blessing</span></div>', '<span>You\\''re somebody\\''s reason to smile</span>', '', '', 'VyVy', '343/18 s vn hanh', '0937116186', 'pikqilee@gmail.com', 'VyVy', '343/18 s vn hanh', '0937116186', 'pikqilee@gmail.com', '2013-01-08 01:27:33', '2013-01-08 01:27:33', ''),
(44, 2, 4, 1006, 0, '\n											<span> Hoa o n, chim n v, ma xun li n. Chc nghn s nh , vn s nh m, triu s bt ng, t ln hnh phc\n</span>\n										', '', '', '', '', '', '', '', '', '', '', '', '2013-01-08 10:52:10', '2013-01-08 10:52:10', ''),
(45, 2, 4, 1006, 0, '\n											<span> Hoa o n, chim n v, ma xun li n. Chc nghn s nh , vn s nh m, triu s bt ng, t ln hnh phc\n</span>\n										', '', '', '', '', '', '', '', '', '', '', '', '2013-01-08 10:58:22', '2013-01-08 10:58:22', ''),
(46, 2, 4, 1006, 0, '\n											<span> Hoa o n, chim n v, ma xun li n. Chc nghn s nh , vn s nh m, triu s bt ng, t ln hnh phc\n</span>\n										', '', '', '', '', '', '', '', '', '', '', '', '2013-01-08 10:59:47', '2013-01-08 10:59:47', ''),
(47, 2, 4, 1006, 0, '\n											<span> Hoa o n, chim n v, ma xun li n. Chc nghn s nh , vn s nh m, triu s bt ng, t ln hnh phc\n</span>\n										', '', '', '', '', '', '', '', '', '', '', '', '2013-01-08 11:00:25', '2013-01-08 11:00:25', ''),
(48, 2, 4, 1003, 0, '\n											<span> Hoa o n, chim n v, ma xun li n. Chc nghn s nh , vn s nh m, triu s bt ng, t ln hnh phc\n</span>\n										', '', '', '', '', '', '', '', '', '', '', '', '2013-01-08 11:40:58', '2013-01-08 11:40:58', ''),
(49, 1, 3, 3005, 0, 'Happy new year !! Chc mi ngi gp nhiu tt lnh.', '', '', '', 'h', '', '', '', '', '', '', '', '2013-01-08 13:02:28', '2013-01-08 13:02:28', ''),
(50, 4, 3, 3006, 3003, 'nm mi&nbsp;', '', '', '', 'tre', 'ter', 'tre', 'ert', 'tre', 'ter', 'tre', 'ter', '2013-01-08 13:04:17', '2013-01-08 13:04:17', ''),
(51, 4, 4, 1001, 1006, '\n											<span>Cung chc tn nin, sc kho v bin, thnh cng lin min, hnh phc trin min, ti lun y tin, sung sng nh tin\n</span>\n										', '', '', '', 'le xuan nguyen', '', '01223476525', '', '', '', '', '', '2013-01-08 13:07:24', '2013-01-08 13:07:24', ''),
(52, 2, 4, 1002, 0, 'tes', '', '', '', 'adkfdkfk', 'dkafdfkkfsk', '0912345678', 'abc@gmail.com', 'adkfdkfk', 'dkafdfkkfsk', '0912345678', 'abc@gmail.com', '2013-01-08 15:31:46', '2013-01-08 15:31:46', ''),
(53, 6, 3, 3005, 0, '\n											<span>Cung chc tn nin, sc kho v bin, thnh cng lin min, hnh phc trin min, ti lun y tin, sung sng nh tin\n</span>\n										', '', '', '', '', '', '', '', '', '', '', '', '2013-01-08 16:08:56', '2013-01-08 16:08:56', ''),
(54, 1, 4, 1002, 0, '\n											<span> Hoa o n, chim n v, ma xun li n. Chc nghn s nh , vn s nh m, triu s bt ng, t ln hnh phc\n</span>\n										', '', '', '', ' Thi Hng', 'ng Hi-Qung Bnh', '0913772599', 'dohungdtd@gmail.com', ' Thi Hng', 'ng Hi-Qung Bnh', '0913772599', 'dohungdtd@gmail.com', '2013-01-08 16:48:14', '2013-01-08 16:48:14', ''),
(55, 4, 4, 4004, 4003, '<span>Phc mn ng nin tng ph qu. c lu quang nht tin vinh hoa\n</span>', '', '', '', '', '', '', '', '', '', '', '', '2013-01-08 16:51:28', '2013-01-08 16:51:28', ''),
(56, 1, 3, 3003, 0, 'Cho n xun sang. ti lc y nh', '', '', '', '', '', '', '', '', '', '', '', '2013-01-08 17:09:12', '2013-01-08 17:09:12', ''),
(57, 1, 4, 4004, 0, '<span>a ti a lc a ph qu. c thi c li c nhn tm\n</span>', '', '', '', 'nguyn c thch', '12-12-2013', '01676648196', 'thachch932gmail.com', 'nguyn c thch', '12-12-2013', '01676648196', 'thachch932gmail.com', '2013-01-08 19:35:23', '2013-01-08 19:35:23', ''),
(58, 1, 6, 1003, 0, '<span>Have somewhere to go is Home. Having someone to love is Family. Having both is a Blessing</span>', '', '', '', '', '', '', '', '', '', '', '', '2013-01-08 21:07:01', '2013-01-08 21:07:01', ''),
(59, 3, 4, 1002, 0, '\n											<span> Hoa o n, chim n v, ma xun li n. Chc nghn s nh , vn s nh m, triu s bt ng, t ln hnh phc\n</span>\n										', '\n											<span>Cung chc tn nin, sc kho v bin, thnh cng lin min, hnh phc trin min, ti lun y tin, sung sng nh tin\n</span>\n										', '', '', '', '', '', '', '', '', '', '', '2013-01-08 21:08:04', '2013-01-08 21:08:04', ''),
(60, 1, 5, 5011, 0, '<span>Tt ny l tt tnh nhn Chc cho i la thnh thn trn i Xun ny xin c i li Chc cho mi gii rng ngi nim vui.</span>', '', '', '', 'Tu Nguyen', 'Ben Treprovince', '+84979891480', 'nguyenhoangtu.dhcn@gmail.com', 'Tu Nguyen', 'Ben Treprovince', '+84979891480', 'nguyenhoangtu.dhcn@gmail.com', '2013-01-08 21:21:26', '2013-01-08 21:21:26', ''),
(61, 1, 5, 5011, 0, '<span>Tt ny l tt tnh nhn Chc cho i la thnh thn trn i Xun ny xin c i li Chc cho mi gii rng ngi nim vui.</span>', '', '', '', 'Tu Nguyen', 'Ben Treprovince', '+84979891480', 'nguyenhoangtu.dhcn@gmail.com', 'Tu Nguyen', 'Ben Treprovince', '+84979891480', 'nguyenhoangtu.dhcn@gmail.com', '2013-01-08 21:22:01', '2013-01-08 21:22:01', ''),
(62, 4, 4, 4004, 0, '<span>Xun o hoa khai, ti nh . H lai thnh vng,phc mn ng. Thu kh bnh an, lc c ch. ng hi t qu, th an khng.\n</span>', '', '', '', 'dohuulam', '', '', '', '', '', '', '', '2013-01-08 21:50:13', '2013-01-08 21:50:13', 'MT-214753-080120133245'),
(63, 1, 1, 1006, 0, '\n											<span>2013 - Do what makes you Happy. Be with who make you smile. Laugh as much as you breathe. Love as long as you live</span>\n										', '', '', '', 'Mai nh', '459- Phng lung - Hng o - Dng Kinh- Hi Phng', '01626113341', 's2', '', '', '', '', '2013-01-08 21:57:38', '2013-01-08 21:57:38', 'MT-215357-080120137720'),
(64, 2, 4, 1006, 1003, '\n											<span> Hoa o n, chim n v, ma xun li n. Chc nghn s nh , vn s nh m, triu s bt ng, t ln hnh phc\n</span>\n										', '\n											<span>Cung chc tn nin, sc kho v bin, thnh cng lin min, hnh phc trin min, ti lun y tin, sung sng nh tin\n</span>\n										', '', '', '', '', '', '', '', '', '', '', '2013-01-08 22:18:49', '2013-01-08 22:18:49', 'MT-221801-080120137788'),
(65, 1, 5, 5035, 0, '<span>Ka ma xun ngn tia nng m Cho la i yu di lu sut i Mun hoa ti thm, n cha xun v khp ni ( Tnh em ma xun)</span>', '', '', '', '', '', '', '', '', '', '', '', '2013-01-08 22:45:51', '2013-01-08 22:45:51', 'MT-221709-080120133257'),
(66, 6, 4, 4005, 0, 'Mang tnh yu n cho ng', '', '', '', 'Tao Lanh', '294/202 xo viet nghe tinh f21 bnh thnh,HCMC', '0982174933', 'taolanhdqn1191@gmail.com', '', '', '', '', '2013-01-08 22:53:39', '2013-01-08 22:53:39', 'MT-224947-080120133468'),
(67, 4, 3, 3003, 3005, '<span>Chc mng nm mi - Vn s nh   Sinh l di do  Vng vo c k  Tin ra ti t  Tht l ht \n</span>', '', '', '', '', '', '', '', '', '', '', '', '2013-01-08 22:54:30', '2013-01-08 22:54:30', 'MT-225228-080120137853'),
(68, 1, 3, 3004, 0, '<span>Chc mng nm mi - Vn s nh   Sinh l di do  Vng vo c k  Tin ra ti t  Tht l ht \n</span>', '', '', '', 'v c thnh', '', '', '', 'heo em', '', '', '', '2013-01-08 23:35:12', '2013-01-08 23:35:12', 'MT-233233-080120137213'),
(69, 6, 1, 1002, 0, '<span> Hoa o n, chim n v, ma xun li n. Chc nghn s nh , vn s nh m, triu s bt ng, t ln hnh phc\n</span>', '', '', '', '', '', '', '', '', '', '', '', '2013-01-08 23:35:33', '2013-01-08 23:35:33', 'MT-233441-080120133026'),
(70, 4, 4, 4001, 0, 'Tt May Mn Ti L', '', '', '', '', '', '', '', 'Le tiu Dng', '', '', '', '2013-01-08 23:38:06', '2013-01-08 23:38:06', 'MT-233554-080120134139'),
(71, 4, 4, 4001, 0, 'Tt May Mn Ti L', '', '', '', '', '', '', '', 'Le tiu Dng', '', '', '', '2013-01-08 23:38:18', '2013-01-08 23:38:18', 'MT-233554-080120134139'),
(72, 4, 3, 3005, 3004, '<span>Nm mi Tt n. Rc hn vo nh. Qu cp bao la. Mi nh no . Vng bc y h. Gia ch pht ti.</span><div><span>HAPPY NEW YEA</span></div>', '', '', '', '', '', '', '', '', '', '', '', '2013-01-08 23:38:35', '2013-01-08 23:38:35', 'MT-233344-080120139139'),
(73, 4, 3, 3005, 3004, '<span>Nm mi Tt n. Rc hn vo nh. Qu cp bao la. Mi nh no . Vng bc y h. Gia ch pht ti.</span><div><span>HAPPY NEW YEA</span></div>', '', '', '', '', '', '', '', '', '', '', '', '2013-01-08 23:38:47', '2013-01-08 23:38:47', 'MT-233344-080120139139'),
(74, 4, 3, 3005, 3004, '<span>Nm mi Tt n. Rc hn vo nh. Qu cp bao la. Mi nh no . Vng bc y h. Gia ch pht ti.</span><div><span>HAPPY NEW YEA</span></div>', '', '', '', '', '', '', '', '', '', '', '', '2013-01-08 23:38:55', '2013-01-08 23:38:55', 'MT-233344-080120139139'),
(75, 2, 3, 3004, 0, '<span style=\\"color: rgb(255, 255, 255); font-size: 16px; background-color: rgb(4, 3, 43);\\">Cung chc tn nin, sc kho v bin, thnh cng lin min, hnh phc trin min, ti lun y tin, sung sng nh tin</span>', '', '', '', '', '', '', '', '', '', '', '', '2013-01-08 23:43:22', '2013-01-08 23:43:22', 'MT-233717-080120137323'),
(76, 6, 1, 1001, 0, '\n											<span> Hoa o n, chim n v, ma xun li n. Chc nghn s nh , vn s nh m, triu s bt ng, t ln hnh phc\n</span>\n										', '', '', '', '', '', '', '', '', '', '', '', '2013-01-08 23:43:58', '2013-01-08 23:43:58', 'MT-234120-080120137865'),
(77, 6, 6, 6004, 0, '<span>If nothing lasts forever, please be my nothing</span>', '', '', '', '', '', '', '', '', '', '', '', '2013-01-08 23:45:50', '2013-01-08 23:45:50', 'MT-234444-080120138239'),
(78, 6, 4, 1001, 0, '\n											<span> Hoa o n, chim n v, ma xun li n. Chc nghn s nh , vn s nh m, triu s bt ng, t ln hnh phc\n</span>\n										', '', '', '', '', '', '', '', '', '', '', '', '2013-01-08 23:46:41', '2013-01-08 23:46:41', 'MT-234521-080120137842'),
(79, 1, 1, 1002, 0, '<span> Hoa o n, chim n v, ma xun li n. Chc nghn s nh , vn s nh m, triu s bt ng, t ln hnh phc\n</span>', '', '', '', 'L Kim Trng', '^_^', '', '', 'L Kim Trng', '^_^', '', '', '2013-01-08 23:50:30', '2013-01-08 23:50:30', 'MT-234104-080120139983'),
(80, 1, 4, 1003, 0, 'tt ca mi ngi<div>tt ca mi nh</div><div>thnh cng, hnh phc</div><div>cung chc tn xun</div>', '', '', '', '', '', '', '', '', '', '', '', '2013-01-08 23:59:17', '2013-01-08 23:59:17', 'MT-234711-080120138032'),
(81, 3, 3, 3005, 0, 'Chc Gia&nbsp;nh Nm Mi&nbsp;<div>Vn&nbsp;iu May</div><div>Ngn&nbsp;iu Tt&nbsp;</div><div>2013</div>', '', '', '', 'Quang L', '', '', '', ' Hanh Vu', '', '', '', '2013-01-09 00:08:08', '2013-01-09 00:08:08', 'MT-000326-090120138396'),
(82, 2, 1, 1003, 0, '<div><span><br></span></div><div><span>Xun v mai n trm bng</span></div><div><span>Hng cng chng km</span></div><div>o th cng khoe</div><div><br></div><div>Ta n tt vi h hng</div><div>Bn b hng xm</div><span>vui nng Martell</span>', '', '', '', 'Trung', 'K68/10 Trn Khnh D, M An, Ng Hnh Sn', '0912222584', 'trungpv91@gmail.com', 'Hnh', 'K68/10 Trn Khnh D, M An, Ng Hnh Sn', '01222344020', 'thihanh1963@yahoo.com.vn', '2013-01-09 00:19:51', '2013-01-09 00:19:51', 'MT-000827-090120132141'),
(83, 3, 1, 1007, 0, 'Cn ly<div>mng nm qua c lc</div><div><br></div><div>Nng cc</div><div>chc nm mi pht ti</div>', 'Tri thm tui mi<div>Ngi thm th</div><div><br></div><div>Xun khp mi ni</div><div>Phc khp nh</div>', '', '', 'Phan L Thy Nhi', '69/9 o Duy Anh - Hu', '0985994475', 'xuri.baby@gmail.com', 'Phan Mu Dng', 'Xm 11, Th L, Qung Phc, Qung in, Tha Thin Hu', '0988853939', 'xuri.baby@gmail.com', '2013-01-09 00:23:17', '2013-01-09 00:23:17', 'MT-001514-090120139371'),
(84, 2, 2, 2001, 0, '<span>Mng 2013 pht ti pht lc- Tin v xng xc, tin ra t t - Sc kho c d, cng danh tn ti\n</span>', '', '', '', '', '', '', '', '', '', '', '', '2013-01-09 00:26:13', '2013-01-09 00:26:13', 'MT-002514-090120132676'),
(85, 3, 1, 1008, 0, 'Nm mi chc nhau sc khe nhiu. Bc tin rng rnh thoi mi tiu. Gia nh hnh phc b bn qu. Thanh thn vui chi mi bui c', '<span>2013 - Do what makes you Happy. Be with who make you smile. Laugh as much as you breathe. Love as long as you live</span>', '', '', '', '', '', '', '', '', '', '', '2013-01-09 06:21:05', '2013-01-09 06:21:05', 'MT-061847-090120132498'),
(86, 1, 3, 3005, 0, '<span>Nm mi chc nhau sc khe nhiu. Bc tin rng rnh thoi mi tiu. Gia nh hnh phc b bn qu. Thanh thn vui chi mi bui chiu.\n</span>', '', '', '', 'Nguyn Linh', 'Lo Cai', '01657951982', 'neozspinner@yahoo.com', 'Nguyn Linh', 'Lo Cai', '01657951982', 'neozspinner@yahoo.com', '2013-01-09 07:41:09', '2013-01-09 07:41:09', 'MT-073413-090120135212'),
(87, 1, 6, 6001, 0, '<span>You\\''re somebody\\''s reason to smile.\\" b love cn\\"</span>', '', '', '', 'b', 'h ni', '0986424327', 'phunghuyen1991@gmail.com', 'cn', 'h ni', '0976942315', 'nam.doquang@gmail.com', '2013-01-09 08:10:07', '2013-01-09 08:10:07', 'MT-080526-090120135149'),
(88, 1, 2, 2006, 0, '<div>&nbsp; &nbsp; XUN 2013</div>Thun bum xui gi<div><span style=\\"background-color: rgb(255, 255, 255);\\">Vn s thnh cng</span></div>', '', '', '', '', '', '', '', '', '', '', '', '2013-01-09 08:13:23', '2013-01-09 08:13:23', 'MT-080702-090120134947'),
(89, 3, 2, 2006, 0, '<span>Mng ngy Tt ta chc cho nhau\nMt nm thm sung tc an vui\nNgi nng dn thm la thc\nNgi thng gia mau pht ti\n</span>', '<span>ong cho y hnh phc - Gi cho trn lc ti - Gi cho mi an khang - Tht cho cht ph qu\n\n</span>', '', '', '', '', '', '', '', '', '', '', '2013-01-09 08:31:55', '2013-01-09 08:31:55', 'MT-082741-090120137707'),
(90, 6, 1, 1009, 0, '<span> Hoa o n, chim n v, ma xun li n. Chc nghn s nh , vn s nh m, triu s bt ng, t ln hnh phc\n</span>', '', '', '', 'Nghia Nguyen', '23/66duong16noidaiP4Q8', '0935030148', 'walking0000001@yahoo.com', 'Nghia Nguyen', '23/66duong16noidaiP4Q8', '0935030148', 'walking0000001@yahoo.com', '2013-01-09 08:32:34', '2013-01-09 08:32:34', 'MT-082849-090120134752'),
(91, 4, 4, 4001, 0, '<span>Xun o hoa khai, ti nh . H lai thnh vng,phc mn ng. Thu kh bnh an, lc c ch. ng hi t qu, th an khng.\n</span>', '', '', '', 'Ms.Quynh Mai', 'VietNam Pathfinder Magazine', '08. 3825 4681', 'maiquynh0804@gmail.com', 'Ms. Kim Hye Jin', 'Dolphin Media', '08.3846 5392', 'kimhyejin1990@gmail.com', '2013-01-09 09:30:57', '2013-01-09 09:30:57', 'MT-092814-090120135528'),
(92, 1, 6, 6002, 0, '<span>Ka ma xun ngn tia nng m Cho la i yu di lu sut i Mun hoa ti thm, n cha xun v khp ni ( Tnh em ma xun)</span>', '', '', '', 'Ngn Lng', 'H Ni', '039549584594958', 'kjfgdk@kgkjl.com', 'Ngn Lng', 'H Ni', '039549584594958', 'kjfgdk@kgkjl.com', '2013-01-09 09:33:58', '2013-01-09 09:33:58', 'MT-091852-090120133703'),
(93, 4, 3, 3006, 0, '<span>Nm mi Tt n. Rc hn vo nh. Qu cp bao la. Mi nh no . Vng bc y h. Gia ch pht ti\n</span>', '', '', '', '', '', '', '', '', '', '', '', '2013-01-09 10:08:02', '2013-01-09 10:08:02', 'MT-100509-090120136249'),
(94, 1, 6, 1002, 0, '\n											<span> Hoa o n, chim n v, ma xun li n. Chc nghn s nh , vn s nh m, triu s bt ng, t ln hnh phc\n</span>\n										', '', '', '', 'Nht ng Bo', '', '0987 014 424', 'uidiot_206@yahoo.com', 'Sao i Ngi', '', '0908302017', 'over_tthvt@yahoo.com', '2013-01-09 10:56:40', '2013-01-09 10:56:40', 'MT-105313-090120131476'),
(95, 1, 6, 1002, 0, '\n											<span> Hoa o n, chim n v, ma xun li n. Chc nghn s nh , vn s nh m, triu s bt ng, t ln hnh phc\n</span>\n										', '', '', '', 'Nht ng Bo', '', '0987 014 424', 'uidiot_206@yahoo.com', 'Sao i Ngi', '', '0908302017', 'over_tthvt@yahoo.com', '2013-01-09 10:57:04', '2013-01-09 10:57:04', 'MT-105313-090120131476'),
(96, 1, 2, 2006, 0, '<span>ong cho y hnh phc - Gi cho trn lc ti - Gi cho mi an khang - Tht cho cht ph qu\n\n</span>', '', '', '', 'Tranphan', '', '', '', ' Lai Nguyen', '', '', '', '2013-01-09 11:06:21', '2013-01-09 11:06:21', 'MT-110228-090120135416'),
(97, 4, 1, 1001, 0, '<span>Cung chc tn nin, sc kho v bin, thnh cng lin min, hnh phc trin min, ti lun y tin, sung sng nh tin\n</span>', '', '', '', 'V TH L HUYN', '105/2A BNH QUI, P27, Q. BNH THNH HCM', '0917118082', 'vothilehuyen1988@gmail.com', 'V TH L HUYN', '105/2A BNH QUI, P27, Q. BNH THNH HCM', '0917118082', 'vothilehuyen1988@gmail.com', '2013-01-09 11:48:51', '2013-01-09 11:48:51', 'MT-114501-090120138347'),
(98, 3, 5, 5035, 0, '\n											<span>Tt Tt Tt Tt n ri<br>Tt n trong tim mi ngi!\n</span>\n										', '', '', '', '', '', '', '', '', '', '', '', '2013-01-09 11:52:22', '2013-01-09 11:52:22', 'MT-115103-090120131074'),
(99, 3, 4, 1003, 0, '\n											<span> Hoa o n, chim n v, ma xun li n. Chc nghn s nh , vn s nh m, triu s bt ng, t ln hnh phc\n</span>\n										', '\n											<span>Cung chc tn nin, sc kho v bin, thnh cng lin min, hnh phc trin min, ti lun y tin, sung sng nh tin\n</span>\n										', '', '', '', '', '', '', '', '', '', '', '2013-01-09 12:37:13', '2013-01-09 12:37:13', 'MT-123648-090120134442'),
(100, 3, 4, 1003, 0, '\n											<span> Hoa o n, chim n v, ma xun li n. Chc nghn s nh , vn s nh m, triu s bt ng, t ln hnh phc\n</span>\n										', '\n											<span> Hoa o n, chim n v, ma xun li n. Chc nghn s nh , vn s nh m, triu s bt ng, t ln hnh phc\n</span>\n										', '', '', '', '', '', '', '', '', '', '', '2013-01-09 12:39:46', '2013-01-09 12:39:46', 'MT-123925-090120139378'),
(101, 6, 6, 6005, 0, '<span>If nothing lasts forever, please be my nothing</span>', '', '', '', '', '', '', '', '', '', '', '', '2013-01-09 12:41:51', '2013-01-09 12:41:51', 'MT-124034-090120135310'),
(102, 1, 4, 4004, 0, '<span>Xun o bnh an ti li tin. Mai khai ph qu lc quyn lai\n</span>', '', '', '', '', '', '', '', '', '', '', '', '2013-01-09 12:47:27', '2013-01-09 12:47:27', 'MT-124557-090120137256'),
(103, 2, 2, 2002, 0, 'HAPPY LUNAR\\''S HOLIDAY..!! WISH U &amp; UR FAMILY ARE HEALTHY, HAPPY AND UR BUSINESS WILL BE PROGRESSED MORE..!!!<br><br>\n											\n										', '', '', '', '', '', '', '', '', '', '', '', '2013-01-09 12:56:07', '2013-01-09 12:56:07', 'MT-124742-090120139397'),
(104, 1, 5, 5004, 0, 'mi mi mt ma xu', '', '', '', 'nguyn nh chnh', '', '01669889178', 'vinhan9x@yahoo.com.vn', 'nguyn XXX', '', '01669876958', '', '2013-01-09 13:38:48', '2013-01-09 13:38:48', 'MT-133407-090120133957'),
(105, 1, 2, 2006, 0, '\n											From Martell with love<br>u xun nm mi chc BNH AN,<br>\nChc lun TUI TR chc AN KHANG.<br>\nChc sang nm mi nhiu<br>TI LC,<br>\nCng thnh danh toi chc VINH QUANG..<br>', '', '', '', 'L DIU HNG', '9B NGUYN SIU,PHNG HNG BUM,QUN HON KIM, H NI', '0973570497', 'hongbi90@gmail.com', 'L DIU HNG', '9B NGUYN SIU,PHNG HNG BUM,QUN HON KIM, H NI', '0973570497', 'hongbi90@gmail.com', '2013-01-09 14:22:52', '2013-01-09 14:22:52', 'MT-141931-090120133293'),
(106, 2, 4, 1003, 0, '\n											<span> Hoa o n, chim n v, ma xun li n. Chc nghn s nh , vn s nh m, triu s bt ng, t ln hnh phc\n</span>\n										', '', '', '', '', '', '', '', '', '', '', '', '2013-01-09 14:34:25', '2013-01-09 14:34:25', 'MT-143403-090120136813'),
(107, 1, 5, 5002, 0, '<span>Tt ny l tt tnh nhn Chc cho i la thnh thn trn i Xun ny xin c i li Chc cho mi gii rng ngi nim vui.</span>', '', '', '', 'Ngn Lng', 'H Ni', '039549584594958', 'kjfgdk@kgkjl.com', 'Ngn Lng', 'H Ni', '039549584594958', 'kjfgdk@kgkjl.com', '2013-01-09 14:48:49', '2013-01-09 14:48:49', 'MT-091852-090120133703'),
(108, 3, 3, 1006, 0, '<span>Chc mng nm mi&nbsp;</span><div><span>Vn s nh &nbsp;</span></div><div><span>Sinh l di do&nbsp;</span></div><div><span>Vng vo c k&nbsp;</span></div><div><span>Tin ra ti t Tht l ht \n</span></div>', '<span>Take every chance.&nbsp;</span><div><span>Drop every fear&nbsp;</span></div><div><span>and say : Happy new year!</span></div><div>&lt;&lt;From Martell with Love&gt;&gt;</div>', '', '', '', '', '', '', '', '', '', '', '2013-01-09 15:39:44', '2013-01-09 15:39:44', 'MT-104515-090120136955'),
(109, 6, 6, 6006, 0, '<span>I love you yesterday. I love you still. I always have. I always will</span>', '', '', '', 'hgfj', 'j 54 jh', '0986867867', 'a@gmail.com', 'hgfj', 'j 54 jh', '0986867867', 'a@gmail.com', '2013-01-09 15:41:24', '2013-01-09 15:41:24', 'MT-154024-090120139197'),
(110, 2, 4, 1003, 0, '\n											<span> Hoa o n, chim n v, ma xun li n. Chc nghn s nh , vn s nh m, triu s bt ng, t ln hnh phc\n</span>\n										', '', '', '', '', '', '', '', '', '', '', '', '2013-01-09 15:41:50', '2013-01-09 15:41:50', 'MT-143403-090120136813'),
(111, 3, 3, 1006, 0, '<span>Chc mng nm mi&nbsp;</span><div><span>Vn s nh &nbsp;</span></div><div><span>Sinh l di do&nbsp;</span></div><div><span>Vng vo c k&nbsp;</span></div><div><span>Tin ra ti t Tht l ht \n</span></div>', '<span>Take every chance.&nbsp;</span><div><span>Drop every fear&nbsp;</span></div><div><span>and say : Happy new year!</span></div><div>&lt;&lt;From Martell with Love&gt;&gt;</div>', '', '', '', '', '', '', '', '', '', '', '2013-01-09 15:41:54', '2013-01-09 15:41:54', 'MT-104515-090120136955'),
(112, 3, 1, 1006, 0, '<span>Tt Tt Tt Tt n ri<br>Tt n trong tim mi ngi!\n</span>', '<span>Chc c gia nh bn vn s nh , T s nh m, Triu triu bt ng, Khng ch cng n!\n</span>', '', '', '', '', '', '', '', '', '', '', '2013-01-09 15:42:49', '2013-01-09 15:42:49', 'MT-154213-090120137440'),
(113, 3, 4, 1006, 0, '\n											<span>Tt Tt Tt Tt n ri<br>Tt n trong tim mi ngi!\n</span>\n										', '\n											<span>Cung chc tn nin, sc kho v bin, thnh cng lin min, hnh phc trin min, ti lun y tin, sung sng nh tin\n</span>\n										', '', '', '', '', '', '', '', '', '', '', '2013-01-09 15:43:30', '2013-01-09 15:43:30', 'MT-143550-090120138166'),
(114, 2, 4, 1002, 0, '\n											<span>Tt Tt Tt Tt n ri<br>Tt n trong tim mi ngi!\n</span>\n										', '', '', '', '', '', '', '', '', '', '', '', '2013-01-09 15:43:44', '2013-01-09 15:43:44', 'MT-154330-090120136234'),
(115, 2, 4, 1003, 0, '\n											<span> Hoa o n, chim n v, ma xun li n. Chc nghn s nh , vn s nh m, triu s bt ng, t ln hnh phc\n</span>\n										', '', '', '', '', '', '', '', '', '', '', '', '2013-01-09 15:46:41', '2013-01-09 15:46:41', 'MT-154612-090120136743');

-- --------------------------------------------------------

--
-- Table structure for table `user_payment`
--

CREATE TABLE IF NOT EXISTS `user_payment` (
  `user_payment_id` int(11) NOT NULL auto_increment,
  `user_info_id` int(11) NOT NULL,
  `status` int(11) NOT NULL default '0' COMMENT '0 : not finish, 1 : success, 2 : error',
  `amount` int(11) default NULL,
  `tax` int(11) default NULL,
  `discount` int(11) default NULL,
  `payment_id` int(11) default NULL,
  `payment_type` int(11) default NULL,
  `secure_code` varchar(300) default NULL,
  `addtime` datetime default NULL,
  `updttime` datetime default NULL,
  `order_id` varchar(50) NOT NULL,
  PRIMARY KEY  (`user_payment_id`)
) ENGINE=InnoDB  DEFAULT CHARSET=utf8 AUTO_INCREMENT=134 ;

--
-- Dumping data for table `user_payment`
--

INSERT INTO `user_payment` (`user_payment_id`, `user_info_id`, `status`, `amount`, `tax`, `discount`, `payment_id`, `payment_type`, `secure_code`, `addtime`, `updttime`, `order_id`) VALUES
(1, 1, 0, 1000000, 0, 0, NULL, NULL, NULL, '2012-12-12 13:31:50', '2012-12-12 13:31:50', ''),
(2, 2, 0, 1000000, 0, 0, NULL, NULL, NULL, '2012-12-12 13:37:42', '2012-12-12 13:37:42', ''),
(3, 3, 0, 1000000, 0, 0, NULL, NULL, NULL, '2012-12-13 00:32:08', '2012-12-13 00:32:08', ''),
(4, 4, 0, 1000000, 0, 0, NULL, NULL, NULL, '2013-01-05 13:17:18', '2013-01-05 13:17:18', ''),
(5, 0, 0, 1000000, 0, 0, NULL, NULL, NULL, '2013-01-05 13:19:24', '2013-01-05 13:19:24', ''),
(6, 5, 0, 1000000, 0, 0, NULL, NULL, NULL, '2013-01-05 13:23:31', '2013-01-05 13:23:31', ''),
(7, 0, 0, 1000000, 0, 0, NULL, NULL, NULL, '2013-01-05 14:42:33', '2013-01-05 14:42:33', ''),
(8, 0, 0, 1000000, 0, 0, NULL, NULL, NULL, '2013-01-05 15:17:52', '2013-01-05 15:17:52', ''),
(9, 0, 0, 1000000, 0, 0, NULL, NULL, NULL, '2013-01-05 16:16:58', '2013-01-05 16:16:58', ''),
(10, 0, 0, 1000000, 0, 0, NULL, NULL, NULL, '2013-01-05 17:43:48', '2013-01-05 17:43:48', ''),
(11, 0, 0, 1000000, 0, 0, NULL, NULL, NULL, '2013-01-05 17:44:04', '2013-01-05 17:44:04', ''),
(12, 0, 0, 1000000, 0, 0, NULL, NULL, NULL, '2013-01-05 18:15:11', '2013-01-05 18:15:11', ''),
(13, 0, 0, 1000000, 0, 0, NULL, NULL, NULL, '2013-01-05 18:16:10', '2013-01-05 18:16:10', ''),
(14, 0, 0, 1000000, 0, 0, NULL, NULL, NULL, '2013-01-05 21:04:46', '2013-01-05 21:04:46', ''),
(15, 0, 0, 1000000, 0, 0, NULL, NULL, NULL, '2013-01-05 23:55:22', '2013-01-05 23:55:22', ''),
(16, 6, 0, 1000000, 0, 0, NULL, NULL, NULL, '2013-01-06 00:28:31', '2013-01-06 00:28:31', ''),
(17, 7, 0, 1000000, 0, 0, NULL, NULL, NULL, '2013-01-06 00:47:06', '2013-01-06 00:47:06', ''),
(18, 0, 0, 1000000, 0, 0, NULL, NULL, NULL, '2013-01-06 02:00:08', '2013-01-06 02:00:08', ''),
(19, 8, 0, 1000000, 0, 0, NULL, NULL, NULL, '2013-01-06 11:37:17', '2013-01-06 11:37:17', ''),
(20, 9, 0, 1000000, 0, 0, NULL, NULL, NULL, '2013-01-06 11:38:52', '2013-01-06 11:38:52', ''),
(21, 10, 0, 1000000, 0, 0, NULL, NULL, NULL, '2013-01-06 12:14:47', '2013-01-06 12:14:47', ''),
(22, 11, 0, 1000000, 0, 0, NULL, NULL, NULL, '2013-01-06 12:17:11', '2013-01-06 12:17:11', ''),
(23, 0, 0, 1000000, 0, 0, NULL, NULL, NULL, '2013-01-06 12:25:54', '2013-01-06 12:25:54', ''),
(24, 12, 0, 1000000, 0, 0, NULL, NULL, NULL, '2013-01-06 12:35:54', '2013-01-06 12:35:54', ''),
(25, 13, 0, 1000000, 0, 0, NULL, NULL, NULL, '2013-01-06 12:38:06', '2013-01-06 12:38:06', ''),
(26, 14, 0, 1000000, 0, 0, NULL, NULL, NULL, '2013-01-06 12:50:54', '2013-01-06 12:50:54', ''),
(27, 15, 0, 1000000, 0, 0, NULL, NULL, NULL, '2013-01-06 12:52:15', '2013-01-06 12:52:15', ''),
(28, 0, 0, 1000000, 0, 0, NULL, NULL, NULL, '2013-01-06 13:02:53', '2013-01-06 13:02:53', ''),
(29, 0, 0, 1000000, 0, 0, NULL, NULL, NULL, '2013-01-06 13:17:29', '2013-01-06 13:17:29', ''),
(30, 16, 0, 1000000, 0, 0, NULL, NULL, NULL, '2013-01-06 14:26:44', '2013-01-06 14:26:44', ''),
(31, 17, 0, 1000000, 0, 0, NULL, NULL, NULL, '2013-01-06 16:06:23', '2013-01-06 16:06:23', ''),
(32, 18, 0, 1000000, 0, 0, NULL, NULL, NULL, '2013-01-06 16:44:19', '2013-01-06 16:44:19', ''),
(33, 19, 0, 1000000, 0, 0, NULL, NULL, NULL, '2013-01-06 19:17:22', '2013-01-06 19:17:22', ''),
(34, 0, 0, 1000000, 0, 0, NULL, NULL, NULL, '2013-01-06 20:33:32', '2013-01-06 20:33:32', ''),
(35, 20, 0, 1000000, 0, 0, NULL, NULL, NULL, '2013-01-07 09:44:05', '2013-01-07 09:44:05', ''),
(36, 21, 0, 1000000, 0, 0, NULL, NULL, NULL, '2013-01-07 10:07:52', '2013-01-07 10:07:52', ''),
(37, 22, 0, 1000000, 0, 0, NULL, NULL, NULL, '2013-01-07 12:16:54', '2013-01-07 12:16:54', ''),
(38, 0, 0, 1000000, 0, 0, NULL, NULL, NULL, '2013-01-07 12:24:16', '2013-01-07 12:24:16', ''),
(39, 23, 0, 1000000, 0, 0, NULL, NULL, NULL, '2013-01-07 12:24:25', '2013-01-07 12:24:25', ''),
(40, 0, 0, 1000000, 0, 0, NULL, NULL, NULL, '2013-01-07 12:24:44', '2013-01-07 12:24:44', ''),
(41, 0, 0, 1000000, 0, 0, NULL, NULL, NULL, '2013-01-07 12:24:53', '2013-01-07 12:24:53', ''),
(42, 24, 0, 1000000, 0, 0, NULL, NULL, NULL, '2013-01-07 12:30:31', '2013-01-07 12:30:31', ''),
(43, 25, 0, 1000000, 0, 0, NULL, NULL, NULL, '2013-01-07 12:30:58', '2013-01-07 12:30:58', ''),
(44, 26, 0, 1000000, 0, 0, NULL, NULL, NULL, '2013-01-07 12:40:50', '2013-01-07 12:40:50', ''),
(45, 27, 0, 1000000, 0, 0, NULL, NULL, NULL, '2013-01-07 12:42:33', '2013-01-07 12:42:33', ''),
(46, 28, 0, 1000000, 0, 0, NULL, NULL, NULL, '2013-01-07 12:43:33', '2013-01-07 12:43:33', ''),
(47, 29, 0, 1000000, 0, 0, NULL, NULL, NULL, '2013-01-07 12:48:58', '2013-01-07 12:48:58', ''),
(48, 30, 0, 1000000, 0, 0, NULL, NULL, NULL, '2013-01-07 12:49:40', '2013-01-07 12:49:40', ''),
(49, 31, 0, 1000000, 0, 0, NULL, NULL, NULL, '2013-01-07 12:51:36', '2013-01-07 12:51:36', ''),
(50, 32, 0, 1000000, 0, 0, NULL, NULL, NULL, '2013-01-07 15:56:21', '2013-01-07 15:56:21', ''),
(51, 33, 0, 1000000, 0, 0, NULL, NULL, NULL, '2013-01-07 16:03:04', '2013-01-07 16:03:04', ''),
(52, 34, 0, 1000000, 0, 0, NULL, NULL, NULL, '2013-01-07 16:05:05', '2013-01-07 16:05:05', ''),
(53, 35, 0, 1000000, 0, 0, NULL, NULL, NULL, '2013-01-07 16:43:05', '2013-01-07 16:43:05', ''),
(54, 36, 0, 1300000, 0, 0, NULL, NULL, NULL, '2013-01-07 16:46:22', '2013-01-07 16:46:22', ''),
(55, 37, 0, 1300000, 0, 0, NULL, NULL, NULL, '2013-01-07 20:16:33', '2013-01-07 20:16:33', ''),
(56, 38, 0, 1300000, 0, 0, NULL, NULL, NULL, '2013-01-07 23:17:33', '2013-01-07 23:17:33', ''),
(57, 39, 0, 1300000, 0, 0, NULL, NULL, NULL, '2013-01-08 01:08:15', '2013-01-08 01:08:15', ''),
(58, 40, 0, 1300000, 0, 0, NULL, NULL, NULL, '2013-01-08 01:14:13', '2013-01-08 01:14:13', ''),
(59, 41, 0, 1300000, 0, 0, NULL, NULL, NULL, '2013-01-08 01:19:38', '2013-01-08 01:19:38', ''),
(60, 42, 0, 1300000, 0, 0, NULL, NULL, NULL, '2013-01-08 01:25:23', '2013-01-08 01:25:23', ''),
(61, 43, 0, 1300000, 0, 0, NULL, NULL, NULL, '2013-01-08 01:27:33', '2013-01-08 01:27:33', ''),
(62, 44, 0, 1300000, 0, 0, NULL, NULL, NULL, '2013-01-08 10:52:11', '2013-01-08 10:52:11', ''),
(63, 45, 0, 1300000, 0, 0, NULL, NULL, NULL, '2013-01-08 10:58:22', '2013-01-08 10:58:22', ''),
(64, 46, 0, 1300000, 0, 0, NULL, NULL, NULL, '2013-01-08 10:59:47', '2013-01-08 10:59:47', ''),
(65, 47, 0, 1300000, 0, 0, NULL, NULL, NULL, '2013-01-08 11:00:25', '2013-01-08 11:00:25', ''),
(66, 48, 0, 1300000, 0, 0, NULL, NULL, NULL, '2013-01-08 11:40:59', '2013-01-08 11:40:59', ''),
(67, 49, 0, 1300000, 0, 0, NULL, NULL, NULL, '2013-01-08 13:02:28', '2013-01-08 13:02:28', ''),
(68, 50, 0, 1300000, 0, 0, NULL, NULL, NULL, '2013-01-08 13:04:17', '2013-01-08 13:04:17', ''),
(69, 51, 0, 1300000, 0, 0, NULL, NULL, NULL, '2013-01-08 13:07:24', '2013-01-08 13:07:24', ''),
(70, 52, 0, 1300000, 0, 0, NULL, NULL, NULL, '2013-01-08 15:31:46', '2013-01-08 15:31:46', ''),
(71, 53, 0, 1300000, 0, 0, NULL, NULL, NULL, '2013-01-08 16:08:56', '2013-01-08 16:08:56', ''),
(72, 54, 0, 1300000, 0, 0, NULL, NULL, NULL, '2013-01-08 16:48:15', '2013-01-08 16:48:15', ''),
(73, 55, 0, 1300000, 0, 0, NULL, NULL, NULL, '2013-01-08 16:51:29', '2013-01-08 16:51:29', ''),
(74, 56, 0, 1300000, 0, 0, NULL, NULL, NULL, '2013-01-08 17:09:12', '2013-01-08 17:09:12', ''),
(75, 57, 0, 1300000, 0, 0, NULL, NULL, NULL, '2013-01-08 19:35:23', '2013-01-08 19:35:23', ''),
(76, 58, 0, 1300000, 0, 0, NULL, NULL, NULL, '2013-01-08 21:07:01', '2013-01-08 21:07:01', ''),
(77, 59, 0, 1300000, 0, 0, NULL, NULL, NULL, '2013-01-08 21:08:04', '2013-01-08 21:08:04', ''),
(78, 60, 0, 1300000, 0, 0, NULL, NULL, NULL, '2013-01-08 21:21:27', '2013-01-08 21:21:27', ''),
(79, 61, 0, 1300000, 0, 0, NULL, NULL, NULL, '2013-01-08 21:22:01', '2013-01-08 21:22:01', ''),
(80, 62, 0, 1300000, 0, 0, NULL, NULL, NULL, '2013-01-08 21:50:13', '2013-01-08 21:50:13', 'MT-214753-080120133245'),
(81, 63, 0, 1300000, 0, 0, NULL, NULL, NULL, '2013-01-08 21:57:38', '2013-01-08 21:57:38', 'MT-215357-080120137720'),
(82, 64, 0, 1300000, 0, 0, NULL, NULL, NULL, '2013-01-08 22:18:49', '2013-01-08 22:18:49', 'MT-221801-080120137788'),
(83, 65, 0, 1300000, 0, 0, NULL, NULL, NULL, '2013-01-08 22:45:51', '2013-01-08 22:45:51', 'MT-221709-080120133257'),
(84, 66, 0, 1300000, 0, 0, NULL, NULL, NULL, '2013-01-08 22:53:39', '2013-01-08 22:53:39', 'MT-224947-080120133468'),
(85, 67, 0, 1300000, 0, 0, NULL, NULL, NULL, '2013-01-08 22:54:30', '2013-01-08 22:54:30', 'MT-225228-080120137853'),
(86, 68, 0, 1300000, 0, 0, NULL, NULL, NULL, '2013-01-08 23:35:12', '2013-01-08 23:35:12', 'MT-233233-080120137213'),
(87, 69, 0, 1300000, 0, 0, NULL, NULL, NULL, '2013-01-08 23:35:33', '2013-01-08 23:35:33', 'MT-233441-080120133026'),
(88, 70, 0, 1300000, 0, 0, NULL, NULL, NULL, '2013-01-08 23:38:06', '2013-01-08 23:38:06', 'MT-233554-080120134139'),
(89, 71, 0, 1300000, 0, 0, NULL, NULL, NULL, '2013-01-08 23:38:18', '2013-01-08 23:38:18', 'MT-233554-080120134139'),
(90, 72, 0, 1300000, 0, 0, NULL, NULL, NULL, '2013-01-08 23:38:35', '2013-01-08 23:38:35', 'MT-233344-080120139139'),
(91, 73, 0, 1300000, 0, 0, NULL, NULL, NULL, '2013-01-08 23:38:48', '2013-01-08 23:38:48', 'MT-233344-080120139139'),
(92, 74, 0, 1300000, 0, 0, NULL, NULL, NULL, '2013-01-08 23:38:55', '2013-01-08 23:38:55', 'MT-233344-080120139139'),
(93, 75, 0, 1300000, 0, 0, NULL, NULL, NULL, '2013-01-08 23:43:23', '2013-01-08 23:43:23', 'MT-233717-080120137323'),
(94, 76, 0, 1300000, 0, 0, NULL, NULL, NULL, '2013-01-08 23:43:58', '2013-01-08 23:43:58', 'MT-234120-080120137865'),
(95, 77, 0, 1300000, 0, 0, NULL, NULL, NULL, '2013-01-08 23:45:50', '2013-01-08 23:45:50', 'MT-234444-080120138239'),
(96, 78, 0, 1300000, 0, 0, NULL, NULL, NULL, '2013-01-08 23:46:41', '2013-01-08 23:46:41', 'MT-234521-080120137842'),
(97, 79, 0, 1300000, 0, 0, NULL, NULL, NULL, '2013-01-08 23:50:30', '2013-01-08 23:50:30', 'MT-234104-080120139983'),
(98, 80, 0, 1300000, 0, 0, NULL, NULL, NULL, '2013-01-08 23:59:17', '2013-01-08 23:59:17', 'MT-234711-080120138032'),
(99, 81, 0, 1300000, 0, 0, NULL, NULL, NULL, '2013-01-09 00:08:08', '2013-01-09 00:08:08', 'MT-000326-090120138396'),
(100, 82, 0, 1300000, 0, 0, NULL, NULL, NULL, '2013-01-09 00:19:51', '2013-01-09 00:19:51', 'MT-000827-090120132141'),
(101, 83, 0, 1300000, 0, 0, NULL, NULL, NULL, '2013-01-09 00:23:18', '2013-01-09 00:23:18', 'MT-001514-090120139371'),
(102, 84, 0, 1300000, 0, 0, NULL, NULL, NULL, '2013-01-09 00:26:13', '2013-01-09 00:26:13', 'MT-002514-090120132676'),
(103, 85, 0, 1300000, 0, 0, NULL, NULL, NULL, '2013-01-09 06:21:05', '2013-01-09 06:21:05', 'MT-061847-090120132498'),
(104, 86, 0, 1300000, 0, 0, NULL, NULL, NULL, '2013-01-09 07:41:09', '2013-01-09 07:41:09', 'MT-073413-090120135212'),
(105, 87, 0, 1300000, 0, 0, NULL, NULL, NULL, '2013-01-09 08:10:07', '2013-01-09 08:10:07', 'MT-080526-090120135149'),
(106, 88, 0, 1300000, 0, 0, NULL, NULL, NULL, '2013-01-09 08:13:23', '2013-01-09 08:13:23', 'MT-080702-090120134947'),
(107, 89, 0, 1300000, 0, 0, NULL, NULL, NULL, '2013-01-09 08:31:56', '2013-01-09 08:31:56', 'MT-082741-090120137707'),
(108, 90, 0, 1300000, 0, 0, NULL, NULL, NULL, '2013-01-09 08:32:34', '2013-01-09 08:32:34', 'MT-082849-090120134752'),
(109, 91, 0, 1300000, 0, 0, NULL, NULL, NULL, '2013-01-09 09:30:58', '2013-01-09 09:30:58', 'MT-092814-090120135528'),
(110, 92, 0, 1300000, 0, 0, NULL, NULL, NULL, '2013-01-09 09:33:58', '2013-01-09 09:33:58', 'MT-091852-090120133703'),
(111, 93, 0, 1300000, 0, 0, NULL, NULL, NULL, '2013-01-09 10:08:02', '2013-01-09 10:08:02', 'MT-100509-090120136249'),
(112, 94, 0, 1300000, 0, 0, NULL, NULL, NULL, '2013-01-09 10:56:40', '2013-01-09 10:56:40', 'MT-105313-090120131476'),
(113, 95, 0, 1300000, 0, 0, NULL, NULL, NULL, '2013-01-09 10:57:05', '2013-01-09 10:57:05', 'MT-105313-090120131476'),
(114, 96, 0, 1300000, 0, 0, NULL, NULL, NULL, '2013-01-09 11:06:21', '2013-01-09 11:06:21', 'MT-110228-090120135416'),
(115, 97, 0, 1300000, 0, 0, NULL, NULL, NULL, '2013-01-09 11:48:51', '2013-01-09 11:48:51', 'MT-114501-090120138347'),
(116, 98, 0, 1300000, 0, 0, NULL, NULL, NULL, '2013-01-09 11:52:22', '2013-01-09 11:52:22', 'MT-115103-090120131074'),
(117, 99, 0, 1300000, 0, 0, NULL, NULL, NULL, '2013-01-09 12:37:13', '2013-01-09 12:37:13', 'MT-123648-090120134442'),
(118, 100, 0, 1300000, 0, 0, NULL, NULL, NULL, '2013-01-09 12:39:46', '2013-01-09 12:39:46', 'MT-123925-090120139378'),
(119, 101, 0, 1300000, 0, 0, NULL, NULL, NULL, '2013-01-09 12:41:51', '2013-01-09 12:41:51', 'MT-124034-090120135310'),
(120, 102, 0, 1300000, 0, 0, NULL, NULL, NULL, '2013-01-09 12:47:27', '2013-01-09 12:47:27', 'MT-124557-090120137256'),
(121, 103, 0, 1300000, 0, 0, NULL, NULL, NULL, '2013-01-09 12:56:07', '2013-01-09 12:56:07', 'MT-124742-090120139397'),
(122, 104, 0, 1300000, 0, 0, NULL, NULL, NULL, '2013-01-09 13:38:48', '2013-01-09 13:38:48', 'MT-133407-090120133957'),
(123, 105, 0, 1300000, 0, 0, NULL, NULL, NULL, '2013-01-09 14:22:52', '2013-01-09 14:22:52', 'MT-141931-090120133293'),
(124, 106, 0, 1000000, 0, 0, NULL, NULL, NULL, '2013-01-09 14:34:25', '2013-01-09 14:34:25', 'MT-143403-090120136813'),
(125, 107, 0, 1000000, 0, 0, NULL, NULL, NULL, '2013-01-09 14:48:49', '2013-01-09 14:48:49', 'MT-091852-090120133703'),
(126, 108, 0, 1000000, 0, 0, NULL, NULL, NULL, '2013-01-09 15:39:44', '2013-01-09 15:39:44', 'MT-104515-090120136955'),
(127, 109, 0, 1000000, 0, 0, NULL, NULL, NULL, '2013-01-09 15:41:24', '2013-01-09 15:41:24', 'MT-154024-090120139197'),
(128, 110, 0, 1000000, 0, 0, NULL, NULL, NULL, '2013-01-09 15:41:50', '2013-01-09 15:41:50', 'MT-143403-090120136813'),
(129, 111, 0, 1000000, 0, 0, NULL, NULL, NULL, '2013-01-09 15:41:54', '2013-01-09 15:41:54', 'MT-104515-090120136955'),
(130, 112, 0, 1000000, 0, 0, NULL, NULL, NULL, '2013-01-09 15:42:49', '2013-01-09 15:42:49', 'MT-154213-090120137440'),
(131, 113, 0, 1000000, 0, 0, NULL, NULL, NULL, '2013-01-09 15:43:30', '2013-01-09 15:43:30', 'MT-143550-090120138166'),
(132, 114, 0, 1000000, 0, 0, NULL, NULL, NULL, '2013-01-09 15:43:44', '2013-01-09 15:43:44', 'MT-154330-090120136234'),
(133, 115, 0, 1000000, 0, 0, NULL, NULL, NULL, '2013-01-09 15:46:42', '2013-01-09 15:46:42', 'MT-154612-090120136743');

/*!40101 SET CHARACTER_SET_CLIENT=@OLD_CHARACTER_SET_CLIENT */;
/*!40101 SET CHARACTER_SET_RESULTS=@OLD_CHARACTER_SET_RESULTS */;
/*!40101 SET COLLATION_CONNECTION=@OLD_COLLATION_CONNECTION */;
